name,fm_reference,reason
"3 Pepper Burrito Co. Cape Coral",c02f541a-8ee8-4e73-881d-72dd8a553629,"could not fix - FM 500 server error (full+minimal)"
"3 Pepper Burrito Co. Ft Myers - The Forum",9ea35001-2d8a-437e-8586-4a619d6118eb,"could not fix - FM 500 server error (full+minimal)"
"3 Pepper Burrito Co. Lehigh Acres",16a0ed89-fbd6-484f-a4e7-88cce9e66a44,"could not fix - FM 500 server error (full+minimal)"
"Almost Home – Lincroft",8966f05b-790f-4737-8930-49d4ba276bdd,"could not fix - FM 500 server error (full+minimal)"
"Atlanta Bread - Decatur",e3f6cd92-0344-4462-aee5-c473dac31494,"could not fix - FM 500 server error (full+minimal)"
"Atlanta Bread - Sandy Springs",ddd811dc-d7b5-4db4-aadb-dac0ae641137,"could not fix - FM 500 server error (full+minimal)"
"Backyard Bowls - Beverly Grove",15d3780d-9a25-4ecc-af25-2dffe9d92992,"could not fix - FM 500 server error (full+minimal)"
"Barons Bagel's - Point Pleasant",171b5f5e-b8cc-4f51-9631-8bbff001f572,"could not fix - FM 500 server error (full+minimal)"
"Binge Biryani - Long Island City",e1391394-dba4-4180-b216-f92a92b29950,"could not fix - FM 500 server error (full+minimal)"
"Brooklyn Dumpling Shop - Midtown",1e2ee4f7-51bb-4e7b-bc29-6e0c23af7bb8,"could not fix - FM 500 server error (full+minimal)"
"Bunny Chow - South African Food - Miramar Shebeen",84fd2401-8f00-41e6-afe5-01080a830c65,"could not fix - FM 500 server error (full+minimal)"
"Cafe Landwer - Cleveland Circle",1c2df9c7-141d-40a8-a712-635e026f5155,"could not fix - FM 500 server error (full+minimal)"
"Chook - 8th Ave & Birch St",0199d197-15f4-4e41-9ab1-b1825569793d,"could not fix - FM 500 server error (full+minimal)"
"Chook - Cherry Hills Marketplace",cf51babd-baa5-4c19-9054-4c9711625092,"could not fix - FM 500 server error (full+minimal)"
"Crackin’ Yolks",14be4279-b234-40e9-9a03-9d0ade421440,"could not fix - FM 500 server error (full+minimal)"
"Crispy Karma",3269312e-06c5-44f3-89fc-36b046d598e9,"could not fix - FM 500 server error (full+minimal)"
"Das Good Cafe",d8d27e83-a9b5-421f-b13b-611a3e316772,"could not fix - FM 500 server error (full+minimal)"
"DeCheco’s Pizzeria - Fairlawn",c42d8232-2cef-4f34-be9c-1705d4b48393,"could not fix - FM 500 server error (full+minimal)"
"DeCheco’s Pizzeria - Firestone Park",2f1c1e66-cff4-4dff-901c-a5725b243ddc,"could not fix - FM 500 server error (full+minimal)"
"DeCheco’s Pizzeria - Hudson",b62cfd6d-1aa3-4b34-bb99-d0335ae59699,"could not fix - FM 500 server error (full+minimal)"
"DeCheco’s Pizzeria - Munroe Falls",7138349e-0e35-4062-bc87-559a16483d46,"could not fix - FM 500 server error (full+minimal)"
"DeCheco’s Pizzeria - Springfield / Ellet",3e8a073b-762f-4112-8059-f0af346a8e5f,"could not fix - FM 500 server error"
"EggBred - La Habra",6cb10a5c-3b3e-48f6-aa66-a1c2f85ebb66,"could not fix - FM 500 server error"
"Eggstasy - Mesa",ba317e04-b341-4c31-b942-cd411bf8a2bf,"could not fix - FM 500 server error"
"Eggstasy - Norterra Ctr.",f718312a-03fb-4c63-895e-82ec09a8c843,"could not fix - FM 500 server error"
"Eggstasy - Queen Creek",188f682c-0cc4-44b7-a174-561ccecd797b,"could not fix - FM 500 server error"
"Eggstasy - Scottsdale",49a5fa8d-9ea7-4353-a655-5a903358302e,"could not fix - FM 500 server error"
"Eggstasy - The Colony",4ca9a6d4-4840-434c-8447-511a5a06d854,"could not fix - FM 500 server error"
"Fat Boy's Pizza - Covington",66d75927-1cc8-4d00-9d1e-4f625cd2f547,"could not fix - FM 500 server error"
"Fat Boy's Pizza - Harvey",754705a3-d7da-49db-bc44-a7c3d2905dc0,"could not fix - FM 500 server error"
"Fat Boy's Pizza - Metairie",a8902c33-78c4-4c74-bebb-3cff826c646b,"could not fix - FM 500 server error"
"Genghis Grill - Lake Worth",544f393c-1d4b-4a7d-926b-cd57b820dc89,"could not fix - FM 500 server error"
"GREGORIO'S TRATTORIA - POTOMAC",f1d05c05-4573-45e7-aedf-3ec63a07b64a,"could not fix - FM 500 server error"
"GREGORIO'S TRATTORIA - RESTON",863ce24f-55d1-444d-98c1-7235e4dafd31,"could not fix - FM 500 server error"
"Happy's Pizza - Farmington Hills",87a00dff-9609-41f4-97c1-6b0a4894215f,"could not fix - FM 500 server error"
"Howlin' Willy's - Druid Hills",d8916675-b403-4035-87d8-0f3629f83b99,"could not fix - FM 500 server error"
"Howlin' Willy's - Hapeville",fcc7c70d-32b7-41a0-a1c9-f16951f7481d,"could not fix - FM 500 server error"
"Hugo's Studio City",ef8ffaf5-6f65-4761-91ce-8b6ca587970f,"could not fix - FM 500 server error"
"Hugo's Tacos Atwater Village",a090483e-d22a-4d72-b29c-9b8970676822,"could not fix - FM 500 server error"
"Lechon Loco",f4fe7c19-667a-44de-bd4e-635bb5ad6eca,"could not fix - FM 500 server error"
"Leporini's Paninis",1e0ef347-073e-486a-a5a2-fbaa733da606,"could not fix - FM 500 server error"
"Miss Ada",68cfeaac-4aac-4c1d-ae13-0ae9e29db0c3,"could not fix - FM 500 server error"
"North Salem Farmers Market – Fantzye Pre-Orders",a23cf8a3-56ff-4f3b-844c-7881129ebaf6,"could not fix - FM 500 server error"
"Pete's Bagels - St. Pete",27e20709-bb8f-4a18-8720-1fda18c0f945,"could not fix - FM 500 server error"
"Pete's Bagels - Tarpon Springs",ffe3efd0-c2ff-43a5-98f9-9abfcbbc4b93,"could not fix - FM 500 server error"
"Pixlcat Coffee - Mid Market",6664c604-c440-4dea-9dee-28a7e8810801,"could not fix - FM 500 server error"
"Plant Life Vegan Catering",9adf276b-af85-4069-a040-c0f9f61e40d6,"could not fix - FM 500 server error"
"Purslane x Milk Bar",133fd459-b3b4-4013-a281-c7474516058c,"could not fix - FM 500 server error"
"Rokstar Chicken - Douglaston",b5f529d7-1c42-4f98-98e0-6a2a6edadc91,"could not fix - FM 500 server error"
"Savvy Sliders - Dallas",d1eb0a1b-a1dd-4b17-924e-2fe2efc60f9f,"could not fix - FM 500 server error"
"Savvy Sliders - Fort Wayne",b956e932-1b35-4c30-ac96-bffd8f8c316f,"could not fix - FM 500 server error"
"Savvy Sliders - Fraser",adf5d7c2-cb9d-4c15-9b99-a3fded7d3efc,"could not fix - FM 500 server error"
"Savvy Sliders - Harvey",a9c6d8e2-301f-4341-8aa0-40c3518a3c97,"could not fix - FM 500 server error"
"Savvy Sliders - Port Huron",fb115bce-a4af-4fa8-a6d6-27f85a72f3b1,"could not fix - FM 500 server error"
"Savvy Sliders - San Antonio",c634b37e-d2ff-4a8f-94ed-6f34bc51b783,"could not fix - FM 500 server error"
"Seymour's",223c0ab5-c34a-4abc-aaae-087ce035c58a,"could not fix - FM 500 server error"
"SmackBird Chicken - Overton",d0d4dca4-b58a-494a-a37a-e759d7023772,"could not fix - FM 500 server error"
"SmackBird Chicken - Wylie",cb87b777-d972-473c-91d2-582a4b0bffc3,"could not fix - FM 500 server error"
"Son del North - West Village",2c39c942-d21b-43ec-b086-691760cb290d,"could not fix - FM 500 server error"
"Stacks & Cordials - Royal Oak",26ef6512-0581-4b45-8c54-810103284a88,"could not fix - FM 500 server error"
"Starvin' Arvin's Catering",7159e4b8-0b6c-45f6-8425-27eb5c744502,"could not fix - FM 500 server error"
"Sunset Squares Pizza - Divisadero",016b97ee-3ecc-4b51-b560-4be6c9ee3145,"could not fix - FM 500 server error"
"Sunset Squares Pizza - Mid Market",b0ad9693-a97b-450c-a8b5-3ab1306de028,"could not fix - FM 500 server error"
"Sunset Squares Pizza - San Jose",7d0e3526-eb09-4abe-84a3-06f72b0afde3,"could not fix - FM 500 server error"
"Surf Taco - Lacey",d150a80d-e88f-4936-8259-cf5bef0785ae,"could not fix - FM 500 server error"
"Surf Taco - Manasquan",90104ec3-9713-4a1d-bb90-25362266842f,"could not fix - FM 500 server error"
"Surf Taco - Point Pleasant",140bbdbb-fd95-4bff-9379-b6926ccb8f50,"could not fix - FM 500 server error"
"Surf Taco - Red Bank",5883ed95-d7c6-4c5a-b0da-a9ab02b6addf,"could not fix - FM 500 server error"
"Tap 42 - Boca Raton",c773ab12-2bbc-4678-853b-fa1487aa03d0,"could not fix - FM 500 server error"
"Tap 42 - Coral Gables",a815323a-48b3-4778-963a-9ec351d0608e,"could not fix - FM 500 server error"
"Tap 42 - Coral Springs",29a1d258-5273-4746-b55d-3955758a9734,"could not fix - FM 500 server error"
"Tap 42 - Davie",4fdcd7ef-f214-48b5-9cdc-0e3d24ac19ec,"could not fix - FM 500 server error"
"Tap 42 - Doral",8b68cae4-55a5-4f05-9c6f-5383f11d77fc,"could not fix - FM 500 server error"
"Tap 42 - Fort Myers",61a6091b-caf7-42d7-ac32-f176dc7c27c5,"could not fix - FM 500 server error"
"Tap 42 - Ft Lauderdale",57a9e421-686e-4159-ac78-31085420fa21,"could not fix - FM 500 server error"
"Tap 42 - Kendall",0568c9cf-2074-4455-8dea-cc16e7858245,"could not fix - FM 500 server error"
"Tap 42 - Miami",66eb3936-b529-47c7-8b5e-3195a7791d17,"could not fix - FM 500 server error"
"Tap 42 - Naples",7bb4735b-119f-477e-9de6-dbbc79f58d07,"could not fix - FM 500 server error"
"Tap 42 - Palm Beach Gardens",1a22dd6a-4fb3-4803-955e-9efeba2e2251,"could not fix - FM 500 server error"
"Tasty Dawg",17a4f456-b802-473c-a04a-04dcac866286,"could not fix - FM 500 server error"
"The Biz Catering",73a401e6-2733-4715-9ca9-b2edcb44836f,"could not fix - FM 500 server error"
"The Budlong Southern Chicken - Hayden Hall",688c0c44-3d6e-46bd-9ee4-d3ef2129230c,"could not fix - FM 500 server error"
"The Tattooed Pig - Aston",c15614db-ceb0-4d1f-9fad-47ac8f73651e,"could not fix - FM 500 server error"
"The Tattooed Pig - Media",91067a15-0173-4541-95dd-deca007b111d,"could not fix - FM 500 server error"
"Three Dollar Cafe - McDonough",63d96c4d-761a-439f-bf95-9b6043986b6b,"could not fix - FM 500 server error"
"Trattoria Moderna Italian Catering",d265cc7c-a251-4015-88ef-d09bf84a9a88,"could not fix - FM 500 server error"
"Two Hands - Austin",373d6f1f-6fa5-49fd-9986-cd8b256a983e,"could not fix - FM 500 server error"
"Two Hands - Dallas",5c27ef9c-9402-49e6-9623-015f2022781c,"could not fix - FM 500 server error"
"Two Hands - Denver",020beef7-57cf-4d45-82ee-cbb579aabb4c,"could not fix - FM 500 server error"
"Winfield Street Coffee - Naples South",18d74768-f6fd-4e70-a5f5-f2ff8a47fa01,"could not fix - FM 500 server error"
"Winfield Street Coffee - Stamford",dc5d3f5f-5613-46c3-a110-e909b3c70168,"could not fix - FM 500 server error"
"Winfield Street Coffee - Westport",35781c2a-ce41-47a2-abf3-01661022cde9,"could not fix - FM 500 server error"
"Wing Dome - Kirkland",4ee31a2c-7eef-4597-9b8c-851021dbb76c,"could not fix - FM 500 server error"
"Woo Woo Burgers - Avery Ranch",e6457d87-5cca-4b17-bb20-6594f1b96c16,"could not fix - FM 500 server error"
"Woo Woo Burgers - Chandler",5f8083e5-c43e-41ea-a037-43204a4a4d69,"could not fix - FM 500 server error"
"Woo Woo Burgers - Kyle",0f1cec77-8975-456e-aea8-0d65304fd3b0,"could not fix - FM 500 server error"
"Woo Woo Burgers - Scottsdale",ee05785a-fa0a-4f4d-a256-c4d36ee0e4db,"could not fix - FM 500 server error"
"xx",2bf0b2c6-5e82-4790-b8a3-7aa03c30fb97,"could not fix - FM 500 server error"
"Z'Tejas - Avery Ranch",5534ff4e-055c-495d-b9e5-a3594018dd1e,"could not fix - FM 500 server error"
"Z'Tejas - Kyle",f52ea650-f2ee-4438-95ad-bd05e9932098,"could not fix - FM 500 server error"
"Z'Tejas - Scottsdale",f150d615-c80d-4a4c-a264-ea1147cb16cb,"could not fix - FM 500 server error"
"Zutto - Nolita",780e32c9-33dd-4ee0-829b-ea72a0b8907d,"could not fix - FM 500 server error"
