Restaurant,Reference,Orders,Gross,Last order,Visible,Ordering on,FM admin email,FM admin name,FM business name,FM group ref,FM status,Copy/test?,Assign to (fill in)
Pie Girl,d7e305da-e0e6-4947-9657-4de1f73d4208,1238,99440.91,2026-04-04,yes,yes,piegirlnj@gmail.com,Chelsea Frost,Pie Girl,,ACCEPTED,,
Mav's Top Buns,38ab2131-9f97-4631-b636-f0976e82b5cb,1195,65769.05,2022-11-23,no,no,mavstopbuns@gmail.com,Nikki Mav's Mom,Mav's Top Buns,,ACCEPTED,,
The Speakeatery,a964a352-2e98-440e-8cd3-8af7a72ab39b,1148,54233.86,2025-11-23,yes,yes,thespeakeatery@gmail.com,Andrew Vermilyea,The Speakeatery,,ACCEPTED,,
2nd Jetty Seafood,cc716341-75f4-46f8-b958-1c2426720d33,944,207195.72,2025-12-24,no,yes,2ndjettyseafood@gmail.com,Kyle Hopfensperger,2nd Jetty Seafood,,ACCEPTED,,
Marcel Bakery and Kitchen,e2e1d8ad-6d72-49f5-93e0-ad3504475797,514,125779.41,2026-09-02,yes,yes,eric.william.maury@gmail.com,Eric Maury,Marcel Bakery and Kitchen,,ACCEPTED,,
Benchmark Breads,95adff9f-87d2-4eae-830c-732efe67babe,382,17041.23,2026-09-11,yes,yes,benchmarkbreads@gmail.com,Betsy Coatney,Benchmark Breads,,ACCEPTED,,
Maciel's Plant-Based Butcher & Deli,5a71f537-14af-4db3-a355-11c188cbd758,245,36522.96,2026-09-16,yes,yes,joe@macielsplantbutcher.com,Joe Egender,Maciel's Plant-Based Butcher & Deli,,ACCEPTED,,
Bagel Miller,1726e0cf-168b-4bc3-9e50-444566b6dc16,232,19419.20,2026-07-24,yes,yes,dave@bagelmiller.com,Dave Miller,Bagel Miller,,ACCEPTED,,
WannaBee Chef,ba06ace8-8bc2-494d-b7e7-1002b24c5d80,195,23459.20,2023-11-13,yes,yes,wannabeechef@gmail.com,Rama Ginde,WannaBee Chef,,ACCEPTED,,
Northside Inc. Cafe,79adde42-639c-442b-8e31-781e3003b5c9,172,11638.73,2026-09-26,yes,no,bschmid@northsidedc.com,Bobbi Schmid,Northside Inc. Cafe,,ACCEPTED,,
Shine Provisions,c707d99e-7cb0-4ac2-a4c2-62bb747e8870,140,20645.59,2022-11-23,yes,yes,zshine00@gmail.com,Zachary Shine,Shine Provisions,,ACCEPTED,,
Taim - Broadway,2a41260e-7d69-400a-82da-ca55a21fb9b0,112,66090.55,2026-01-08,no,no,1372broadway@taimkitchen.com,Taim 1372 Broadway,Taim - Broadway,,PENDING,,
Bloomfield Deli + Catering,70019b5f-8b18-45f3-a96c-6026914014b1,107,31785.30,2026-07-28,yes,yes,sabrina@bloomfielddeli.com,Sabrina Atto,Bloomfield Deli + Catering,,ACCEPTED,,
The Eatery of Wallingford,96cd6980-b4c4-4f93-8239-22631930edf7,81,26106.05,2026-07-16,yes,no,jon@wallingfordeatery.com,Jon Masella,The Eatery of Wallingford,,ACCEPTED,,
Willa's,4b4aa9a9-1972-4c42-8b5e-7c276250bc90,75,20268.17,2026-04-25,yes,yes,hi@willastampa.com,Angelique Emerson,Willa's,,ACCEPTED,,
Panatieri's Pizza & Pasta of Flemington,d15f7b7e-7706-4a3e-8173-2546c8cd40dd,72,19217.46,2026-10-03,yes,yes,panatieris.flemington@gmail.com,Mackenzie Lutzky,Panatieri's Pizza & Pasta of Flemington,,ACCEPTED,,
Brider Rotisserie & Kitchen,15b3e76a-2e73-4635-9029-5e9c72196934,68,38752.82,2025-10-22,no,no,rob@denverbrider.com,Rob Lee,Brider Rotisserie & Kitchen,,ACCEPTED,,
Kipos Greek,50132136-6008-445b-8c8f-c683ab705128,66,41921.17,2026-09-26,yes,yes,contact@kiposgreek.com,Dino Bekris,Kipos Greek,,ACCEPTED,,
Tinga Fresh Mexican,994a132d-b35d-427f-b57a-07d0880c85da,64,19153.98,2026-09-19,yes,yes,davidfishman321@gmail.com,David Fishman,Tinga Fresh Mexican,,ACCEPTED,,
El Burro,d10052f1-0e36-47d1-8496-4fece29a0845,59,25815.91,2026-09-15,yes,yes,elburropgh@gmail.com,Wes De Renouard,El Burro,,ACCEPTED,,
10th Ave. Burrito Co.,99f78eb8-3d2e-4e48-8b10-d707055443e6,56,24159.43,2026-09-26,yes,yes,kevin@tenthaveburrito.com,Kevin Rosario,10th Ave. Burrito Co.,,ACCEPTED,,
Bakes Gone Wild,25318806-28a6-46ef-8319-32b28628a024,53,4366.26,2023-08-25,yes,yes,tjpizzonia2@gmail.com,Thomas Pizzonia,Bakes Gone Wild,,ACCEPTED,,
Chicas Tacos - Culver City,47f87812-d544-4e2f-bee8-555b059c3e5b,48,21136.73,2024-10-30,no,no,catering@chicastacos.com,Margaret Mentaberry,Chicas Tacos - Culver City,,ACCEPTED,,
Anchor Produce Market,c825a64e-a5d3-4409-9f25-0612ed272ce2,41,9211.52,2026-09-17,no,no,tnich984@gmail.com,Tim Nichols,Anchor Produce Market,,ACCEPTED,,
Bloom Restaurant ,0b8bea35-171a-449b-b18d-d45f99a4a43d,40,2550.26,2025-12-19,yes,yes,nate@bloomrke.com,Nathaniel Sloan,Bloom Restaurant ,,ACCEPTED,,
Krewe of McGinley Square,2231d163-eb41-4d23-8cd9-ab5238d82cc3,40,25531.82,2026-09-26,yes,yes,hank@hankmorris.com,Hank Tamburro,Krewe of McGinley Square,,ACCEPTED,,
Smith Street Bagels,ce134bed-8007-4566-b755-669c5224bd7b,37,14837.43,2025-08-05,no,no,smithstreetbagelsny@gmail.com,Adam Alsoora,Smith Street Bagels,,ACCEPTED,,
Krewe De Fromage,a2010d86-3abc-43bc-973d-5c1387e0cef2,30,4702.01,2023-04-09,yes,yes,krewedefromage@gmail.com,Jen Shoemaker,Krewe De Fromage,,ACCEPTED,,
Dinner Parties Do Good,8e9de986-4682-403e-99a4-b19055a92bb1,28,2999.03,2023-01-14,yes,yes,rebeccahsu7@gmail.com,Rebecca Hsu Ahern,Dinner Parties Do Good,,ACCEPTED,,
Local Pig,addc4871-8f98-451b-824f-26b58c426795,21,15392.74,2026-08-11,yes,yes,localpig@thelocalpig.com,Alex Pope,Local Pig,,ACCEPTED,,
Junbi - San Francisco,666ef413-1d42-496f-9cde-1d890737e3f6,18,5086.11,2026-09-17,yes,yes,sanfrancisco@junbishop.com,Brian Ng,Junbi - San Francisco,,ACCEPTED,,
The Potato Concept,941c9eab-8f58-49ad-8332-c8d73fac984c,18,7550.34,2025-03-01,no,yes,thepotatoconcept@gmail.com,Lauren Lefebvre,The Potato Concept,,ACCEPTED,,
Chef Kenneth Clay ,776d00e0-a826-4cbd-a29f-1eab52a62245,17,1236.05,2025-12-12,no,no,chefkennethclay@gmail.com,Chef Kenneth Clay,Chef Kenneth Clay ,,ACCEPTED,,
Doce Donut Co,86091c9b-e1d3-453c-96eb-be183ebf7c2f,17,3682.17,2026-09-21,yes,yes,info@docedonut.com,Claudia Monroy,Doce Donut Co,,ACCEPTED,,
Smokies Craft BBQ,639cd82d-cec2-4464-8a5f-7c5beaebcc5f,13,4742.13,2024-12-22,yes,no,smokiescraftbbq@gmail.com,David Kaminski,Smokies Craft BBQ,,ACCEPTED,,
Fotinis Fit Fuel,0943bf4d-ad2f-4ef3-b063-063030c6de38,11,949.09,2025-03-20,yes,yes,thomasfotinis@gmail.com,Thomas Fotinis,Fotinis Fit Fuel,,ACCEPTED,,
Charlie’s Farm Market,e4c33bfc-8aa9-4b79-a6ea-acc3246fe51e,10,1923.78,2026-08-29,yes,yes,charliesfm491@gmail.com,Zach Kupper,Charlie’s Farm Market,,ACCEPTED,,
Moaaz Mediterranean Grill,76f854f0-7fe8-4edf-a60c-790c0fd22434,9,2744.87,2025-09-07,yes,yes,saidk15@yahoo.co.uk,Said Mohamed,Moaaz Mediterranean Grill,,ACCEPTED,,
Franco's Italian Restaurant,fedad06c-0720-44fa-be94-02e2553c8d1e,8,1792.13,2025-12-23,yes,yes,apollos4557@yahoo.com,Jeff Apollo,Franco's Italian Restaurant,,ACCEPTED,,
Francesca Catering - Fair Lawn,11dda04e-6621-43a6-b0a6-61e7878aa459,7,2430.96,2023-02-28,no,no,info@fairlawnpizza.com,Sal Reina,Francesca Catering - Fair Lawn,,ACCEPTED,,
East Wind Snack Shop,11dfdac6-67cb-4289-ae79-e9fbcec59aa2,6,1845.19,2026-08-27,yes,yes,eastwind471@gmail.com,chris cheung,East Wind Snack Shop,,ACCEPTED,,
I'm A Local Beach House Cafe,1bd57484-26da-4b1b-a7e6-8a1c336ae5ee,6,262.70,2024-01-30,no,no,austyn.godesky@gmail.com,Austyn Godesky,I'm A Local Beach House Cafe,,PENDING,,
Railroad BBQ,147599e9-bc77-4b95-9045-8814813495e4,6,2775.98,2026-07-08,yes,yes,bgray3128@gmail.com,Brian Gray,Railroad BBQ,,ACCEPTED,,
Shuk,d2b049bf-e320-445d-92b5-105da094d82e,6,0.00,2023-12-14,yes,yes,alexis@shuksavannah.com,Alexis Levin,Shuk,,ACCEPTED,,
Good&Fantzye,6bfd9d8f-3070-4a17-8051-4d82d4ba0633,5,1353.63,2024-06-20,yes,yes,eat@goodfantzye.com,Elana Carlson,Good&Fantzye,,ACCEPTED,,
Johns Cracker Barrel,f630672f-5e31-4a44-83a4-0271db1733aa,5,58.85,2022-02-13,yes,yes,pcpierrecruz@gmail.com,Pierre Cruz,Johns Cracker Barrel,,ACCEPTED,,
Rice N Spice,0eff5d05-b021-4171-b856-fb80050a908b,5,425.24,2024-02-11,no,yes,ricenspicethaitaste@gmail.com,penporn pudhom,Rice N Spice,,ACCEPTED,,
See No Evil Pizza,1464ab45-8b64-4f78-a634-6730bbe30bd3,5,1997.06,2026-07-22,yes,yes,adrien@alldayyes.com,Adrien Gallo,See No Evil Pizza,,ACCEPTED,,
The Smoky Cottage,36cda559-452f-4b54-9c5d-202bae55d6d0,5,1414.11,2024-09-22,yes,no,saltandsmoke@familymeal.com,Korrie Stavola,The Smoky Cottage,,ACCEPTED,,
Kneaded by Lady J,bdf5b80c-29bb-4fb2-84e6-9c18bf8aee5b,4,164.43,2022-06-24,yes,yes,kneadedbyladyj@gmail.com,Joyce Hetherington,Kneaded by Lady J,,ACCEPTED,,
Crum and Companie,f8d6237a-5fc7-4dca-98f0-0b705523546c,3,77.67,2023-07-08,yes,no,tom@crumandcompanie.com,Tom Crum,Crum and Companie,,ACCEPTED,,
Dalla Tavola Zenari,9fa85e3e-4623-41e0-88bc-7dc35d72cec6,3,167.10,2024-12-20,no,no,elisa@dalla.ca,Elisa Zenari,Dalla Tavola Zenari,,ACCEPTED,,
Donna Jean - Los Angeles,53fcf938-8b13-4613-a23e-fcaaf99e4571,3,241.33,2023-11-22,yes,yes,losangeles@donnajeanrestaurant.com,Leslie Funabashi,Donna Jean - Los Angeles,,ACCEPTED,,
Almost Home,032ddb5a-8c62-4096-95fe-9a342c229dcc,2,181.28,2026-08-21,yes,yes,,,,,,,
Hoover's Cooking,a310624e-bfb2-4a02-94b6-2fc4a25cea43,2,195.24,2024-11-27,yes,yes,hoover@hooverscooking.com,Hoover Alexander,Hoover's Cooking,,ACCEPTED,,
Pizza Heaven,beafc22e-68dc-443c-a8a5-81dca1779c01,2,2.20,2023-06-20,yes,yes,507pizzaheaven@gmail.com,Rigo Riana,Pizza Heaven,,ACCEPTED,,
The Pink Waffle,6de3d1d7-ebab-49ce-9b9d-f28d12327a9b,2,727.03,2023-12-19,yes,yes,thepinkwaffleme@gmail.com,Roux Kehoe,The Pink Waffle,,ACCEPTED,,
Ay Guey NYC Mexican Restaurant,342c748e-3ec9-46a1-9013-21ffd16fc3a5,1,58.43,2024-05-04,yes,yes,accounts@aygueynyc.com,ARTEMIO VASQUEZ,Ay Guey NYC Mexican Restaurant,,ACCEPTED,,
B Cup Cafe & Eatery,9f5fd0d3-26ea-4aa4-bc3b-6c752a001cff,1,1.12,2025-08-22,no,no,infobcupcafe@gmail.com,Guy Weizmann,B Cup Cafe & Eatery,,PENDING,,
Ojai Burger,48b2fb20-9bd4-49cc-bd9e-fe3c5e878dd4,1,101.01,2025-09-14,no,no,kasper@eatojaiburger.com,Kasper Hsu,Ojai Burger,,ACCEPTED,,
One Lev,af6ade2d-de43-4832-8a86-9378af23be87,1,1.10,2026-04-27,yes,no,menyshemtov@gmail.com,Meny Vaknin,One Lev,,ACCEPTED,,
Shishman Halal Mediterrenean,429bcb68-7334-46c5-8563-7bbfaab163b8,1,369.81,2025-07-25,yes,no,cellex360@gmail.com,SEFA KARA,Shishman Halal Mediterrenean,,ACCEPTED,,
7 Elephants,6b826933-30c3-458f-a201-7a3fffc3dc8e,0,0.00,,yes,yes,masayafood@gmail.com,Bhattree Vilepanapurksa,7 Elephants,,ACCEPTED,,
All Star Sandwich Bar,ac4de99e-694a-4c96-a7fa-001c95a60ded,0,0.00,,yes,yes,nhan.trinh@hytrinhcorp.com,Nhan Trinh,All Star Sandwich Bar,,ACCEPTED,,
Alta Calidad,12a4ac54-8fa3-41be-ae2a-09475c19b7b2,0,0.00,,yes,yes,kcarter@hosphq.com,Katie Carter,Alta Calidad,,ACCEPTED,,
Black Market Barbecue,8934b38e-b152-47dd-8031-4bea6becaf51,0,0.00,,no,no,blackmarketbbqllc@gmail.com,Jon German,Black Market Barbecue,,ACCEPTED,,
Byrek & Baguette,47d03559-6e38-40fc-ab73-3720dc84d148,0,0.00,,yes,no,toningj12@gmail.com,Tonin Gjekmarkaj,Byrek & Baguette,,ACCEPTED,,
Cafe Buenos Aires,29d0c624-d3a6-4464-8ade-411656391ff3,0,0.00,,yes,yes,admin@theba.cafe,Robert Figueroa,Cafe Buenos Aires,,ACCEPTED,,
Chicas Tacos - Stanton,6e23e1ba-a31e-4a36-a2df-39385553b2a3,0,0.00,,no,no,stanton@chicastacos.com,Margaret Mentaberry,Chicas Tacos - Stanton,,ACCEPTED,,
Cocu Rotisserie ,38bb1111-20a5-400d-b316-eb7bfdf02b32,0,0.00,,yes,yes,chris@cocu.nyc,Christian Ternoir,Cocu Rotisserie ,,ACCEPTED,,
Con Madre Cocina,c55ebc70-5ee0-4acc-8508-e518fadc13ed,0,0.00,,yes,yes,conmadrekitchenatx@gmail.com,Alfredo Bustinza,Con Madre Cocina,,ACCEPTED,,
Crazy Burger Cafe and Juice Bar,8da4266c-266f-456c-a293-317ea1a75181,0,0.00,,yes,yes,crazyburger42@gmail.com,Michael Maxon,Crazy Burger Cafe and Juice Bar,,ACCEPTED,,
Crispy New York,080395f9-0813-4454-860f-c7cd37872bba,0,0.00,,yes,yes,haroontaher10@gmail.com,Haroon Alruby,Crispy New York,,ACCEPTED,,
Croc Soup Company,a15d961b-09cd-4b2b-bd56-4f3e9ebaa250,0,0.00,,yes,no,layda_azimi@yahoo.com,Layda Eini,Croc Soup Company,,ACCEPTED,,
Cubano X-Press,e67c9a16-cd6b-4db0-8672-e3325759be96,0,0.00,,yes,no,cubanoxpress@gmail.com,Brenda Liz Rosa,Cubano X-Press,,ACCEPTED,,
Cuisine by Claudette,71092270-4a81-4349-ac65-d121cf2ef646,0,0.00,,yes,yes,info@cuisinebyclaudette.nyc,Yarden Flatow,Cuisine by Claudette,,ACCEPTED,,
Decades Pizza,4800a03e-c525-4230-a461-eed2987ae0b2,0,0.00,,yes,no,zach.hughes@decades.pizza,Decades Pizza,Decades Pizza,,ACCEPTED,,
Dia's Market,56571a9d-daf3-479a-aab9-3a312da82ecd,0,0.00,,yes,yes,dbhopper@gmail.com,David Hopper,Dia's Market,,ACCEPTED,,
Duluth Rexall Grill,130db19e-7980-47a0-a014-afdb44911b65,0,0.00,,yes,yes,duluthrg@gmail.com,Patrick Cheng,Duluth Rexall Grill,,ACCEPTED,,
Eatya Pizza,aef086e3-5112-4785-843b-2569cfa75129,0,0.00,,yes,no,scott@rootedcraftkitchen.com,Scott Ericson,Eatya Pizza,,ACCEPTED,,
Edible Creations by Gerry/Just Gerry's ,629daaac-fed4-4ded-8ab0-ad654b7a7144,0,0.00,,yes,yes,gerry@justgerry.com,Gerald Dupont,Edible Creations by Gerry/Just Gerry's ,,ACCEPTED,,
El Gallo Taqueria,4c6489e6-dd34-4a47-8552-9136a7e2cc13,0,0.00,,yes,yes,alex@elgallobk.com,Alejandro Torres,El Gallo Taqueria,,ACCEPTED,,
El Xolo Tacos,c8a5da61-15cc-4ea0-88ae-34061509270b,0,0.00,,yes,yes,xolotacosatx@gmail.com,Aila Farfan,El Xolo Tacos,,ACCEPTED,,
Family's Favorite Foods,c6bb98d5-5711-4e4e-b02f-1860a71da3fd,0,0.00,,yes,yes,famsfavicecream@gmail.com,Janale Harris,Family's Favorite Foods,,ACCEPTED,,
Feed Co. Burgers,fe5cd535-f3ad-4b5d-b7e6-bfc1f8afd9ab,0,0.00,,yes,yes,info@feedcoburgers.com,Lan Bun,Feed Co. Burgers,,ACCEPTED,,
Firenze: Italian Street Food,5c538f30-edce-4820-9c85-007b9e1095ee,0,0.00,,no,yes,catering@firenzestreetfood.com,Jeremy Bauer,Firenze: Italian Street Food,,ACCEPTED,,
Fitzy's Old Fashioned Diner,3215a279-cb24-40c1-9fb8-8e442e738846,0,0.00,,yes,yes,info@fitzysdiner.com,Scott Dahlen,Fitzy's Old Fashioned Diner,,ACCEPTED,,
Francesca Catering - Glen Rock - NEW,35517041-ee5a-4209-9c45-033bec370472,0,0.00,,yes,no,francescaglenrock@gmail.com,Salvatore Reina ,Francesca Catering - Glen Rock - NEW,,ACCEPTED,,
HG Craft Bar,b6f78201-3351-4806-b146-da955bbac534,0,0.00,,yes,no,sales@hgworkshops.com,Laura Beningo,HG Craft Bar,,ACCEPTED,,
HappyBoards Lower Manhattan,5f2cf34a-9474-4ad2-92ac-0c384055e895,0,0.00,,yes,yes,ankit@a7v.co,Ankit Agarwal,HappyBoards Lower Manhattan,,ACCEPTED,,
Harue,e4ff392e-9faf-4e56-891b-1edebeaeec41,0,0.00,,yes,no,hankoo77@gmail.com,Bong Kun Lee,Harue,,ACCEPTED,,
Honeybrains,79488081-597a-4c7b-8239-dcda10e6d358,0,0.00,,yes,no,scott@honeybrains.com,Scott Lechtrecker,Honeybrains,,ACCEPTED,,
Jam'It Bistro,2dbf1b78-615b-4d7d-8e1f-19f572796d9a,0,0.00,,yes,no,jamitbistro@gmail.com,Dawn Skeete,Jam'It Bistro,,ACCEPTED,,
Johnny Rebs' True South,03abaf54-e75e-4bc7-98fe-3c0cdce4adb4,0,0.00,,yes,yes,majestk@yahoo.com,Moe Rahman,Johnny Rebs' True South,,ACCEPTED,,
Kalamaki Greek La,54e58c57-ca80-4322-b23e-3c0b43b51b98,0,0.00,,yes,yes,a.karagiannakis@lovegreekcuisine.com,Antonios Karagiannakis,Kalamaki Greek La,,ACCEPTED,,
Kayleigh Michele's,a0db0260-fbb6-48df-b7e5-0a7a128c08d4,0,0.00,,yes,yes,info@kmeventservice.com,Michele Cooper,Kayleigh Michele's,,ACCEPTED,,
Krua Thai,6948f849-b1eb-402e-b35e-16f7fa3718ec,0,0.00,,yes,no,kruathaibourne@gmail.com,Sarrawich Suksanit,Krua Thai,,ACCEPTED,,
Little Fatty,0f5f54d7-a93e-481c-b696-89279e2d04da,0,0.00,,yes,no,sharon.chang@fattycorp.com,Baldy's Restaurant Group Chang,Little Fatty,,ACCEPTED,,
MBG Catering,9d1ca4e3-cec4-4fa7-aa9b-b626c1b38eaa,0,0.00,,yes,yes,mbgkitchen@gmail.com,Tara Hall,MBG Catering,,ACCEPTED,,
Manga's Mini Treats,71712a0e-a49a-4b69-b548-02e9cc3a86b4,0,0.00,,yes,yes,sales@mangasminitreats.com,Jeaketa Manga,Manga's Mini Treats,,ACCEPTED,,
Mesob Restaurant ,c21ad852-f94c-4b41-ba18-ea4255b0868e,0,0.00,,yes,yes,mesobkc@gmail.com,Cherven  Desauguste ,Mesob Restaurant ,,ACCEPTED,,
Messy,be99c20e-3dc4-4380-a16e-ee51ecfcf024,0,0.00,,yes,no,events@lighthousebk.com,Naama Tamir,Messy,,ACCEPTED,,
Mile End Delicatessen,2cb91e10-78e8-4cbe-a5a1-1fffba8f5559,0,0.00,,yes,yes,catering@mileenddeli.com,Joel Tietolman,Mile End Delicatessen,,ACCEPTED,,
Mill Creek,12b4f6b3-03a3-418a-8e55-1bc07693bd54,0,0.00,,yes,yes,millcreekny@gmail.com,Richard Cutler,Mill Creek,,ACCEPTED,,
Mission Sandwich Social,ccdcf510-7b06-4643-811f-5d9e164ca8ff,0,0.00,,yes,yes,admin@missionsandwich.com,Brian Tsao,Mission Sandwich Social,,ACCEPTED,,
Nadas Colombian Gluten Free Empanadas,e6901317-48f8-47c3-bbdd-50fef0dcc294,0,0.00,,yes,no,mia@nadas.nyc,Carlos Santos,Nadas Colombian Gluten Free Empanadas,,ACCEPTED,,
Noble Restaurant Co,c5049704-b981-4fb8-a41f-d56ebd1cacaa,0,0.00,,yes,yes,colby@noblesandiego.com,Colby Behrends,Noble Restaurant Co,,ACCEPTED,,
Nzela Mukuse,58949d39-f4c2-43d6-bc60-68eaa887f5a9,0,0.00,,no,no,jaellaskamanga26@gmail.com,Jaellas  Kamanga ,Nzela Mukuse,,ACCEPTED,,
Olive and Oak,a9811632-7894-48f7-b17f-4147431f47ef,0,0.00,,yes,yes,oliveandoaknj@gmail.com,Felicia Aschettino,Olive and Oak,,ACCEPTED,,
Open Crumb,9d648552-a319-4938-948f-9be479e54e51,0,0.00,,yes,yes,info@opencrumbdc.com,Peter Opare,Open Crumb,,ACCEPTED,,
Panzón,14d7b530-0887-4df9-a59b-bac30fc622b3,0,0.00,,yes,yes,nicole@panzonbk.com,Nicole Onisick,Panzón,,ACCEPTED,,
Park Street Cafe,b1394729-85e0-4041-b24f-da962bac24df,0,0.00,,yes,yes,wooshwoogie@yahoo.com,Sherri Thieben,Park Street Cafe,,ACCEPTED,,
Peacock Pansy,2f7c94f2-ee38-430d-8050-b1084a8ba5ab,0,0.00,,yes,yes,peacockpansy.sf@gmail.com,Patthamaporn Bunutit,Peacock Pansy,,ACCEPTED,,
Pepperazzy,e65bd606-9f0c-4eb3-bc7e-f7ce567e9ab6,0,0.00,,yes,yes,thepepperazzy@gmail.com,Arif Ali,Pepperazzy,,ACCEPTED,,
Perky's Cafe & Catering,b5b04a73-fe63-4f86-abb6-aae03c63739b,0,0.00,,yes,yes,tracy@perkyscafekc.com,Tracy Smith,Perky's Cafe & Catering,,ACCEPTED,,
Petro's Chili & Chips,5e4e068f-91b2-4457-9155-454c25ec255b,0,0.00,,yes,yes,katelyn@petros.com,Petro's Chili & Chips,Petro's Chili & Chips,,ACCEPTED,,
Pizzati,8e43dc9b-97ce-4c4b-9a6e-6655e2f1df28,0,0.00,,yes,yes,pizzati.dallas@gmail.com,Mosheer Ahmad,Pizzati,,ACCEPTED,,
Porco's Porchetteria & Small Oven Pastry Shop,6f940365-fd2a-4e97-b9d3-9f078551ebd9,0,0.00,,yes,yes,info@porcossmalloven.com,Jeff Carr,Porco's Porchetteria & Small Oven Pastry Shop,,ACCEPTED,,
ROOH Palo Alto,831289fe-ef93-4a89-8222-ec91abd50c03,0,0.00,,yes,yes,anu@roohpaloalto.com,Good Times Restaurants,ROOH Palo Alto,,ACCEPTED,,
Red Rocks OG,d8987667-3224-403b-b045-e311db1c816b,0,0.00,,no,no,uesdirector@gmail.com,Marty Varela,Red Rocks OG,,ACCEPTED,,
Riddim N Spice,e1fdac1d-4160-4540-8212-b3f89d8a6cfa,0,0.00,,yes,no,info@riddimnspice.com,Kamal Kalokoh,Riddim N Spice,,ACCEPTED,,
Robby J Catering,c8a128ca-d332-4851-903d-14aaeea43b27,0,0.00,,yes,yes,info@robbyjay.com,Robby Bither,Robby J Catering,,ACCEPTED,,
Scrumptious Fare Catering,f77d2136-402c-462e-af54-08d7ae0b3bca,0,0.00,,yes,yes,sfcateringatl@gmail.com,Sean Wilkins,Scrumptious Fare Catering,,ACCEPTED,,
Shinnecock Lobster Factory,c041227d-b195-4e4f-92ba-4da8159adc45,0,0.00,,yes,no,shinnecocklobsterfactory@gmail.com,Marco Barrila,Shinnecock Lobster Factory,,ACCEPTED,,
Sip + Co East Village,4cd1e9f0-9d49-4081-a5a8-71ac30d6240d,0,0.00,,yes,yes,managers@sipandcoev.co,Celia Lora,Sip + Co East Village,,ACCEPTED,,
Soul 2 Go Catering,37ef565e-25ef-4859-b71f-361c6b49fcaf,0,0.00,,yes,yes,soul2go1st@yahoo.com,Webstar Osborne,Soul 2 Go Catering,,ACCEPTED,,
Stacks & Cordials - Southfield,faf3cd5d-da7f-486f-9b93-10e273657e45,0,0.00,,yes,yes,,,,,,,
Stockyard Sandwich Co.,48d98c8e-4367-40c6-b2d9-982cb4eefa20,0,0.00,,yes,yes,hello@stockyardphilly.com,April Lindsay,Stockyard Sandwich Co.,,ACCEPTED,,
Sushi Dojo ,aab63601-e663-4099-bba7-ead63d9c3d7e,0,0.00,,yes,yes,boris@sushidojonyc.restaurant,Boris Lidukhover,Sushi Dojo ,,ACCEPTED,,
Sweet Lake Biscuits & Limeade,78b8c16e-b5c5-4a7d-b11e-98325f4cb5d2,0,0.00,,yes,yes,sweetlakefresh@gmail.com,Hoss Cone,Sweet Lake Biscuits & Limeade,,ACCEPTED,,
TONG,799cd8f1-1b84-4588-8062-25d2f1b7bba6,0,0.00,,yes,yes,info@tongbrooklyn.com,Jutaporn Sierra,TONG,,ACCEPTED,,
TROPICALI Brazilian Kitchen,eb955cda-bfd4-402e-82c7-666c5a78964b,0,0.00,,yes,yes,silvio@silviopersonalchef.com,Silvio Correa,TROPICALI Brazilian Kitchen,,ACCEPTED,,
Tacos Don Jorge,11d6199e-f0e3-416a-8b13-bb416b698b97,0,0.00,,yes,yes,info@tacosdonjorge.com,Rafael Rodriguez,Tacos Don Jorge,,ACCEPTED,,
Tacos Don Manolito ,c0f4db2d-62a3-4399-8484-a2c13a23681e,0,0.00,,yes,yes,david@tacosdm.com,David Barquet,Tacos Don Manolito ,,ACCEPTED,,
Tal Bagels,25d2cbe9-5a49-4ba4-82fb-77b06ba90359,0,0.00,,yes,no,talbagels977@gmail.com,Amir Weiner,Tal Bagels,,ACCEPTED,,
Tallio's,d0cea6fd-3542-48eb-907e-0fcc2bca9353,0,0.00,,yes,no,tallios.coffee.tea@gmail.com,Olton Rensch,Tallio's,,ACCEPTED,,
Taqueria Nixtamal ,117e67ec-9640-4605-b596-8156357309c2,0,0.00,,yes,yes,nixtamalmarketline@gmail.com,Fernando Ruiz,Taqueria Nixtamal ,,ACCEPTED,,
The Dancing Blender Smoothie Co. - A Kosher Business,2625cb51-a64e-468d-9b6a-94f722c9dafc,0,0.00,,yes,yes,thedancingblender@gmail.com, Manny  Adeleye,The Dancing Blender Smoothie Co. - A Kosher Business,,ACCEPTED,,
The Diner Boys,7d0c91bd-22ec-4650-a1f4-1ea69a9b5e3d,0,0.00,,yes,yes,thedinerboys@gmail.com,Nick Christofides,The Diner Boys,,ACCEPTED,,
The Motown Diet,a08e8b1b-941a-4c85-a7a5-12d9ce68192b,0,0.00,,yes,yes,thewalkers720@gmail.com,Mario Walker,The Motown Diet,,ACCEPTED,,
The Stones Common House & Kitchen,138e6fd8-8552-4715-a2e3-1ae08ed8c6c9,0,0.00,,yes,yes,info@thestonescommonhouse.com,Lisa Beattie,The Stones Common House & Kitchen,,ACCEPTED,,
Tin Pan Bakery,e57daf52-e1c6-49f3-87d4-4c3f807bd496,0,0.00,,no,no,elisericher70@gmail.com,Elise Richer,Tin Pan Bakery,,ACCEPTED,,
Uncle Paulie's Deli - W 3rd St.,d100f615-ceb3-47c8-9fc5-34f85f1b1813,0,0.00,,yes,yes,catering@unclepauliesdeli.com,Carly James,Uncle Paulie's Deli - W 3rd St.,,ACCEPTED,,
Victors Restaurant & Deli,d64ec1f8-8397-4e4f-9a09-41baa7bc782e,0,0.00,,yes,yes,victorsdelihouston@gmail.com,Charuvila Mathew,Victors Restaurant & Deli,,ACCEPTED,,
Vital Root,6b7833fc-e07a-4759-a5b3-0d6ca0e095c8,0,0.00,,yes,yes,aidan@ediblebeats.com,Aidan Diffee,Vital Root,,ACCEPTED,,
WannaBee Chef Catering,8250746a-3555-4458-a479-2e80c3463206,0,0.00,,yes,yes,wannabeechefcatering@gmail.com,Rama Ginde,WannaBee Chef Catering,,ACCEPTED,,
Wavershak's Deli and Grill,3cfb7dbf-af5b-4d0c-ad25-fe2116ac8725,0,0.00,,yes,yes,wavershaks@gmail.com,Stacey Golembiewski,Wavershak's Deli and Grill,,ACCEPTED,,
Yella's,65193f65-5046-42d5-8986-128892c62221,0,0.00,,yes,yes,yellas@familymeal.com,John Kim,Yella's,,ACCEPTED,,
Your Fresh Kitchen,1b727762-c7c5-403c-8aab-cf3e1bf82bd2,0,0.00,,yes,no,mike@yourfreshkitchen.com,Mike Nitto,Your Fresh Kitchen,,ACCEPTED,,
Zara Mediterranean Grill,db6dc25c-b9e1-49a9-9c70-8a3bc6f820a0,0,0.00,,yes,yes,josepha804@yahoo.com,Joseph Andarz,Zara Mediterranean Grill,,ACCEPTED,,
Zunkaa Authentic Indian Cuisine ,1933dfa6-ae86-46de-bfa8-7f6f29acdf7b,0,0.00,,yes,yes,zunkaanj@gmail.com,Siddhesh  Patil,Zunkaa Authentic Indian Cuisine ,,ACCEPTED,,
[COPY] Happy's Pizza - Detroit (Store 100),066854a3-221d-4cad-85b5-07351d2013c7,0,0.00,,yes,no,,,[COPY] Happy's Pizza - Detroit (Store 100),,ACCEPTED,yes,
gtk,660f3954-032b-4e1b-8b4b-b1bf57703234,0,0.00,,yes,yes,info@hellogtk.com,Andrew Martino,gtk,,ACCEPTED,,