stripe_account_id,display_name,business_name,email,charges_enabled,payouts_enabled,created,statement_descriptor,business_url,support_phone,likely_restaurant,likely_restaurant_reference,match_basis,agreeing_signals,signals,disco_holds_account
acct_1TvlNIKUIAzsXVp6,EGGBRED BREA,M.R.S. YI VENTURES LLC,hello@eggbredbrea.com,true,true,2026-07-21,EGGBRED BREA,https://eggbred.com/,+16574445344,EggBred - Brea,1046eaf2-3a8f-400e-8307-b1f43643b140,statement descriptor,6,statement descriptor + support phone + address (city) + business url + address (zip only) + name,no
acct_1U7QHc32gTGsnM8D,Eggbred,Sunrise Provisions Inc.,eggbredgardengrove@gmail.com,true,true,2026-08-23,EGGBRED GARDEN GROVE,www.eggbred.com,+17145915017,EggBred - Garden Grove,73e51d21-6c67-4026-bb1e-d8f1cb79de8c,statement descriptor,5,statement descriptor + support phone + address (street) + address (city) + address (zip only),no
acct_1TjJjuKMTeIiqFTM,Eggbred,,bexley@eggbred.com,true,true,2026-06-17,EGGBRED.COM,www.eggbred.com,+18132796990,EggBred - Land O' Lakes,d00a24ab-1426-4ddc-bafd-14fdae6f9502,support phone,3,support phone + address (city) + address (zip only),no
acct_1ToAGt4DxXCTcfdC,EggBred,"Just Yolk It, LLC",chinohills@eggbred.com,true,true,2026-06-30,EGGBRED,eggbred.com,+19092802733,EggBred - Chino Hills,69011526-3425-4128-b81c-b11aa19fa682,support phone,3,support phone + address (city) + address (zip only),no
acct_1Tn2FDQQQl5O6XRt,FamilyMeal Test Kitchen,FamilyMeal Concepts Inc,peter@familymeal.com,true,true,2026-06-27,FAMILYMEAL,www.familymeal.com,+17322397055,Test 37,ce31b5f3-3f24-4dfe-856c-75160d68bd6b,address (street),2,address (street) + name,no
acct_1TyWiU3nfnpM2xsf,FamilyMeal Test Kitchen,FamilyMeal Concepts Inc,peter@familymeal.com,true,true,2026-07-29,FAMILYMEAL,www.familymeal.com,+17322397055,Test 37,ce31b5f3-3f24-4dfe-856c-75160d68bd6b,address (street),2,address (street) + name,no
acct_1HIItbKZUc8hF6Bt,Eggbred,,eggbredoc@gmail.com,true,true,,EGGBRED,www.eggbred.com,+17147439533,EggBred - Brentwood,ca817cfa-0ecc-4733-a24a-5b7ccf0a3cbb,name,,name,no
acct_1ToX90KtIeF185Ie,EggBred,RyLinAtLiz Co.,eggbredbrentwood@eggbred.com,false,false,2026-07-01,EGGBRED,www.eggbred.com,,EggBred - Brentwood,ca817cfa-0ecc-4733-a24a-5b7ccf0a3cbb,name,,name,no
acct_1O7KqNLWLtkxLXTf,Crocsoupcompany,Croc Soups Company LLC,layda_azimi@yahoo.com,true,true,2023-10-31,CROC SOUP COMPANY,https://www.crocsoupcompany.com/order#/,+13032162566,Croc Soup Company,a15d961b-09cd-4b2b-bd56-4f3e9ebaa250,statement descriptor,7,statement descriptor + company name + address (street) + address (city) + business url + address (zip only) + name,no
acct_1QP8WIDSxv3noSiy,Mill Creek Tavern ,MILL CREEK TAVERN,millcreekny@gmail.com,true,true,,MILL CREEK TAVERN,www.millcreekny.com,+15166282000,Mill Creek,12b4f6b3-03a3-418a-8e55-1bc07693bd54,statement descriptor,6,statement descriptor + company name + address (street) + address (city) + address (zip only) + name,no
acct_1SzgHS0wXTL8oJP0,Lucharitos Center Moriches,Lucharitos Center Moriches INC,marc@lucharitos.com,true,true,2026-02-11,LUCHARITOS CENTER MORI,www.lucharitos.com,+16314009625,Lucharitos - Center Moriches,cfc12be4-a400-4772-a10f-6762bbcac9a5,statement descriptor,6,statement descriptor + company name + address (city) + business url + address (zip only) + name,no
acct_1PcxV9BLYaegjhG3,Petro's Chili & Chips,Petro's Chili & Chips,katelyn@petros.com,false,false,,PETROS CHILI & CHIPS,www.petros.com,+18658054688,Petro's Chili & Chips,5e4e068f-91b2-4457-9155-454c25ec255b,statement descriptor,6,statement descriptor + company name + address (city) + business url + address (zip only) + name,no
acct_1DgDyoDoXtf3T22J,NTT Nutrition,Nourish Thy Temple LLC,info@nttnutrition.com,true,true,,NTT NUTRITION,nttnutrition.com,+17276880781,NTT Nutrition,55bf673c-773a-498b-a6d9-f5dc977d22de,statement descriptor,5,statement descriptor + address (street) + address (city) + business url + name,no
acct_1NGUXjBPGCgNixHR,Hitthespotcateringcafe,Hit The Spot Catering Cafe,hitthespotcatering18@gmail.com,true,true,,HIT THE SPOT CATERING,hitthespotcateringcafe.com,+16789730164,Hit the spot catering cafe ,6029839c-c698-436a-a6aa-cd47286e086a,statement descriptor,5,statement descriptor + address (street) + address (city) + business url + name,no
acct_1NpyEBHpFS4qtgJ9,Robbyjay,Robby J Inc.,info@robbyjay.com,true,true,2023-09-13,ROBBYJAY.COM,Robbyjay.com,+19294003856,Robby J Catering,c8a128ca-d332-4851-903d-14aaeea43b27,statement descriptor,5,statement descriptor + address (street) + address (city) + address (zip only) + name,no
acct_1Oo66BFLAInalHZo,salsaleedos.net,Salsa Leedos Catering,salsaleedos@gmail.com,true,true,2024-02-26,SALSA LEEDOS CATERING,www.salsaleedos.net,+18015658818,Salsa Leedos Mexican Grill,9f5dd87d-418e-43af-a3fe-8dd89cecd93f,statement descriptor,5,statement descriptor + company name + address (city) + business url + address (zip only),no
acct_1OSTHOE5N5wI47Fj,tropicali.net,Tropicali Brazilian Kitchen,silvio@silviopersonalchef.com,true,true,2023-12-29,TROPICALI BRAZILIAN KI,www.tropicali.net,+14242880360,TROPICALI Brazilian Kitchen,eb955cda-bfd4-402e-82c7-666c5a78964b,statement descriptor,5,statement descriptor + address (city) + business url + address (zip only) + name,no
acct_1OVH3GFuWm520Vy0,Oliveandoaknj,Olive and Oak LLC,oliveandoaknj@gmail.com,true,true,,OLIVEANDOAKNJ.COM,www.oliveandoaknj.com,+17327591405,Olive and Oak,a9811632-7894-48f7-b17f-4147431f47ef,statement descriptor,5,statement descriptor + company name + address (city) + address (zip only) + name,no
acct_1OylAIBCkO0Yyjtb,Themotowndiet,The Motown Diet,thewalkers720@gmail.com,true,true,2024-03-27,THE MOTOWN DIET,https://themotowndiet.com/,+13132045560,The Motown Diet,a08e8b1b-941a-4c85-a7a5-12d9ce68192b,statement descriptor,5,statement descriptor + company name + address (city) + business url + name,no
acct_1QCSXKFYhUsGsBhy,decades.pizza,Decades Pizza,zach.hughes@decades.pizza,true,true,2024-10-21,DECADES PIZZA,http://decades.pizza,+13477630018,Decades Pizza,4800a03e-c525-4230-a461-eed2987ae0b2,statement descriptor,5,statement descriptor + address (city) + business url + address (zip only) + name,no
acct_1Qw97p2NRzyFNYuE,Baby's Buns & Buckets,Baby's Buns & Buckets INC,babysbb.nyc@gmail.com,true,true,2025-02-24,BABYS BUNS & BUCKETS,https://www.babysbunsandbuckets.com/,+13479157717,Baby's Buns & Buckets,632389bc-f3bc-468b-89dc-e49e55008390,statement descriptor,5,statement descriptor + company name + address (street) + address (city) + name,no
acct_1SOK1mRfLqhJ3GXE,Cubano X-Press,"Cubano X-Press, LLC",cubanoxpress@gmail.com,true,true,2025-11-03,CUBANO X-PRESS,www.cubanoxpress.com,+15512205185,Cubano X-Press,e67c9a16-cd6b-4db0-8672-e3325759be96,statement descriptor,5,statement descriptor + company name + address (city) + business url + name,no
acct_1SZEK5FoRgnhYh2F,Yo Mommas Cantina,Second Bite LLC,steve@yomommascantina.com,true,true,2025-11-30,YO MOMMAS CANTINA,www.yomommascantina.com,+17205122767,Yo Mommas Cantina,0b898af2-a741-425c-bd72-fcaf06fba769,statement descriptor,5,statement descriptor + address (city) + business url + address (zip only) + name,no
acct_1Nd3bsAAU4btXnE9,Unclepauliesdeli,Uncle Paulie's 3rd st LLC,catering@unclepauliesdeli.com,true,true,2023-08-17,UNCLE PAULIES 3RD ST ,https://unclepauliesdeli.com/,+13232973426,Uncle Paulie's Deli - W 3rd St.,d100f615-ceb3-47c8-9fc5-34f85f1b1813,statement descriptor,4,statement descriptor + company name + address (city) + business url,no
acct_1O8R9ZKlDV7pa9eh,Gregoriostrattoria,"GREGORIO'S AT SUMNER PLACE, LLC",gregoriostrattoriacatering2@gmail.com,true,true,2023-11-03,GREGORIOS TRATTORIA,www.gregoriostrattoria.com,+12404630211,GREGORIO'S TRATTORIA - BETHESDA,1319389f-f7f4-4a2f-bebe-461665fb1506,statement descriptor,4,statement descriptor + address (city) + address (zip only) + name,no
acct_1OCT4BCmjBmfXgnH,Gregoriostrattoria,"GREGORIO'S AT SUMNER PLACE, LLC",gregoriostrattoriacatering2@gmail.com,true,true,2023-11-14,GREGORIOS TRATTORIA,www.gregoriostrattoria.com,+12404630211,GREGORIO'S TRATTORIA - BETHESDA,1319389f-f7f4-4a2f-bebe-461665fb1506,statement descriptor,4,statement descriptor + address (city) + address (zip only) + name,no
acct_1Ogu9rAw38XMpHHO,theba.cafe,Cafe Buenos Aires,robert@theba.cafe,true,true,2024-02-06,CAFE BUENOS AIRES,www.theba.cafe,+15109819970,Cafe Buenos Aires,29d0c624-d3a6-4464-8ade-411656391ff3,statement descriptor,4,statement descriptor + address (city) + address (zip only) + name,no
acct_1OgWF9DiJCffddNh,Peacockpansy,Peacock Pansy Restaurant,peacockpansy.sf@gmail.com,true,true,2024-02-05,PEACOCK PANSY RESTAURA,peacockpansy.com,+16282462354,Peacock Pansy,2f7c94f2-ee38-430d-8050-b1084a8ba5ab,statement descriptor,4,statement descriptor + address (city) + business url + name,no
acct_1OMEE1EBe2Hwh4pi,Perkyscafekc,Tracy Smith,tracy@perkyscafekc.com,true,true,2023-12-11,PERKYSCAFEKC.COM,www.perkyscafekc.com,+19132104369,Perky's Cafe & Catering,b5b04a73-fe63-4f86-abb6-aae03c63739b,statement descriptor,4,statement descriptor + address (city) + address (zip only) + name,no
acct_1P2dKdE1myFGIcbt,Fireislandgrill,Fire Island Grill,jjacobson@fireislandgrill.com,true,true,2024-04-06,FIRE ISLAND GRILL,www.fireislandgrill.com,+18018675204,Fire Island Grill - Simi Valley,07faf5d8-c01e-49c5-9c51-929597dba15b,statement descriptor,4,statement descriptor + address (city) + business url + address (zip only),no
acct_1P7IkpAUSEYtK6zM,Noble Restaurant Co,Noble Restaurant Company LLC,colby@noblesandiego.com,true,true,2024-04-19,NOBLE RESTAURANT CO,www.noblesandiego.com,+16197861718,Noble Restaurant Co,c5049704-b981-4fb8-a41f-d56ebd1cacaa,statement descriptor,4,statement descriptor + address (city) + address (zip only) + name,no
acct_1R0BsrP4jIYCdUto,The Mini Donut Company,The Mini Donut Company LLC,matt@getminidonuts.com,true,true,2025-03-08,THE MINI DONUT COMPANY,www.getminidonuts.com,+16198978961,The Mini Donut Company - Westfield UTC,35bd6c9e-ae64-4b67-8ef8-0228c391a143,statement descriptor,4,statement descriptor + company name + address (zip only) + name,no
acct_1Szlos3skMOU3DcT,Happys Pizza Dayton,Dayton OH 107 LLC,store123@happyspizza.com,true,true,2026-02-11,HAPPYS PIZZA DAYTON,www.happyspizza.com,+12488080848,Happy's Pizza - Dayton,1b9dfc76-b9e0-4f9b-a23e-b91ce7ae86f4,statement descriptor,4,statement descriptor + address (city) + address (zip only) + name,no
acct_1TBgr0Qp46M80lvo,Starvin' Arvin's,Starvin Arvin LLC,contact@starvinarvin.com,true,true,2026-03-16,STARVIN ARVINS,StarvinArvins.com,+13045294899,Starvin' Arvin's Catering,7159e4b8-0b6c-45f6-8425-27eb5c744502,statement descriptor,4,statement descriptor + company name + address (street) + name,no
acct_1MCA4UCwSOMT7sdW,Wannabeechef,WannaBee Chef,wannabeechef@gmail.com,false,false,2022-12-06,WANNABEE CHEF,wannabeechef.com,+19174492459,WannaBee Chef Catering,8250746a-3555-4458-a479-2e80c3463206,statement descriptor,4,statement descriptor + company name + address (zip only) + name,no
acct_1Nf86rBav9mlYcAJ,Honeybrains,HONEYBRAINS,scott@honeybrains.com,false,false,2023-08-14,WWW.HONEYBRAINS.COM,www.honeybrains.com,+19174727682,Honeybrains,79488081-597a-4c7b-8239-dcda10e6d358,statement descriptor,4,statement descriptor + address (city) + business url + name,no
acct_1NQbJJAUYxGy5nyE,Stockyardphilly,Stockyard Sandwich Co,hello@stockyardphilly.com,false,true,,STOCKYARD SANDWICH CO,www.stockyardphilly.com,+12159779273,Stockyard Sandwich Co.,48d98c8e-4367-40c6-b2d9-982cb4eefa20,statement descriptor,4,statement descriptor + address (city) + address (zip only) + name,no
acct_1QB0n5HfwONmRN6V,Hoover's Cooking,"Solar Foods of Texas, Inc",hoover@hooverscooking.com,false,false,2024-10-17,HOOVERS COOKING,hooverscooking.com,+15124795006,Hoover's Cooking,a310624e-bfb2-4a02-94b6-2fc4a25cea43,statement descriptor,4,statement descriptor + address (city) + business url + name,no
acct_18CwPJAm1yBEW5wv,Vital Root Denver,Vital Root,turnup@ediblebeats.com,true,true,,VITAL ROOT,ediblebeats.com,3039934200,Rooted Cafe & Catering,caec6029-135a-4aa5-9866-38356f3955e1,statement descriptor,3,statement descriptor + company name + name,no
acct_1H8CCLICokWBfubs,Papillegustativela,Pro-Contract Inc,marina0523@gmail.com,true,true,,PAPILLE GUSTATIVE,https://papillegustativela.com/,+14243228040,Papille Gustative,1bdb91d9-963c-49af-ba33-75221f02da5b,statement descriptor,3,statement descriptor + address (city) + name,no
acct_1O7Q1tEp8EhXLllr,Wing Dome Waterfront,The Wing Dome,janderson@e3restaurantgroup.com,true,true,2023-10-31,THE WING DOME ,thewingdome.com,+12069573226,Wing It,02853436-b28a-4528-a56a-90af8ad4e954,statement descriptor,3,statement descriptor + company name + name,no
acct_1O8RltJMcRykdMEt,Gregoriostrattoria,Gregorio's Trattoria,gregoriostrattoriacatering2@gmail.com,true,true,2023-11-03,GREGORIOS TRATTORIA,www.gregoriostrattoria.com,+12404630211,GREGORIO'S TRATTORIA - BETHESDA,1319389f-f7f4-4a2f-bebe-461665fb1506,statement descriptor,3,statement descriptor + company name + name,no
acct_1OAfmpG9xydq8B3o,The Wing Dome Kirkland,The Wing Dome ,janderson@e3restaurantgroup.com,true,true,2023-11-09,THE WING DOME ,thewingdome.com,+12069573226,Wing It,02853436-b28a-4528-a56a-90af8ad4e954,statement descriptor,3,statement descriptor + company name + name,no
acct_1OC4b9Jy2Mzgo970,Tacosdm,Tacos Don Manolito ,david@tacosdm.com,true,true,2023-11-13,TACOS DON MANOLITO,www.tacosdm.com,+12102679096,24/7 Tacos,9ea8ea90-f40f-4383-9b9f-04768462652a,statement descriptor,3,statement descriptor + company name + name,no
acct_1ONT0wDZwTs30wlh,Allstarsandwichbar,All Star Sandwich Bar,nhan.trinh@hytrinhcorp.com,true,true,2023-12-15,ALL STAR SANDWICH BAR,https://www.allstarsandwichbar.com/,+16173020499,All Star Sandwich Bar,ac4de99e-694a-4c96-a7fa-001c95a60ded,statement descriptor,3,statement descriptor + business url + name,no
acct_1OPpLlE6Y1GRsuy3,Mbgkitchen,My Belizean Gourmet II INC,mbgkitchen@gmail.com,true,true,2023-12-21,MY BELIZEAN GOURMET II,www.mbgkitchen.com,+19174809824,Go Gourmet Catering,7f5da87d-3ea7-4f2e-8bcb-d85f861dc381,statement descriptor,3,statement descriptor + company name + name,no
acct_1P3pZbC7yRW3gUsr,Tacos Don Jorge,"Tacos Don Jorge, Inc",info@tacosdonjorge.com,true,true,2024-04-15,"TACOS DON JORGE, INC",https://www.tacosdonjorge.com/,+16196086556,24/7 Tacos,9ea8ea90-f40f-4383-9b9f-04768462652a,statement descriptor,3,statement descriptor + company name + name,no
acct_1P4VCmEOSL07ZDgw,stingaz empire food services llc,stingaz empire food services llc,stingazempirecatering@gmail.com,true,true,2024-04-11,STINGAZ EMPIRE FOOD SE,https://www.instagram.com/empir3_catering?igsh=MWNtaGptNzN0OWk0Zg==,+13235136190,stingaz empire,7068846e-9cf6-40e4-80af-475ce18e169d,statement descriptor,3,statement descriptor + company name + name,no
acct_1P6GAkDddnFAdaHy,SSP Divis,SUNSET SQUARES PIZZA,dl@sunsetsquares.com,true,true,,SUNSET SQUARES PIZZA,www.sunsetsquares.com,+17742911801,Sunset Squares Pizza - Divisadero,016b97ee-3ecc-4b51-b560-4be6c9ee3145,statement descriptor,3,statement descriptor + company name + name,no
acct_1PAz9aD7aDzTP6ec,Shinnecock Lobster Factory,Shinnecock Lobster Factory,barrilaculinaryconcepts@gmail.com,true,true,2024-04-29,SHINNECOCK LOBSTER FAC,www.shinnecocklobsterfactory.com,+16313773353,&Lobster,8450fcee-daf2-4a27-8448-2f0f0aed7be7,statement descriptor,3,statement descriptor + company name + name,no
acct_1Pj4PsLBt8DGmCr6,Draper,Sweet Lake Biscuiits & Limeade,sweetlakefresh@gmail.com,true,true,,SWEET LAKE BISCUITS,sweetlakefresh.com,+18019531978,sweetgreen,cf36189f-5150-41b0-a65c-b576a327460c,statement descriptor,3,statement descriptor + company name + name,no
acct_1PKYbQBDbzIiRcDO,RAZZiS PIZZERiA - Downtown,Amir Razzaghi Enterprises Downtown #2 LLC,office@razzis.com,true,true,2024-05-26,RAZZIS PIZZERIA -DT,www.razzis.com,+12065882425,Razzis Pizzeria - Downtown,0f293250-4cef-4a00-a7c6-ee6c6ffff0a0,statement descriptor,3,statement descriptor + address (zip only) + name,no
acct_1Q59cZRpCzFPCcPv,Con Madre Cocina,Alfredo Bustinza,conmadrekitchenatx@gmail.com,true,true,2024-10-01,CON MADRE COCINA,https://linktr.ee/conmadrekitchenatx,+15125477996,Con Madre Cocina,c55ebc70-5ee0-4acc-8508-e518fadc13ed,statement descriptor,3,statement descriptor + address (city) + name,no
acct_1Qs5LGJB1n2uRcOm,Panzon (Nobars LLC),Davi Taft,david@panzonbk.com,true,true,2025-02-13,PANZONBK.COM,www.panzonbk.com,+12673120781,Panzón,14d7b530-0887-4df9-a59b-bac30fc622b3,statement descriptor,3,statement descriptor + address (city) + name,no
acct_1QztBQFhshErK8pt,Getminidonuts,The Mini Donut Company,matt@getminidonuts.com,true,true,2025-03-07,THE MINI DONUT COMPANY,https://www.getminidonuts.com,+16196061444,The Mini Donut Company - Westfield UTC,35bd6c9e-ae64-4b67-8ef8-0228c391a143,statement descriptor,3,statement descriptor + company name + name,no
acct_1RCShi00Dm9wxPDa,Wax Paper Chinatown,Wax Paper Chinatown LLC,catering@waxpaperco.com,true,true,2025-04-10,WAX PAPER CHINATOWN,www.waxpaperco.com,+18582295444,Wax Paper - Frogtown,1c2d6427-1b06-43ef-a109-e251992971c2,statement descriptor,3,statement descriptor + address (city) + name,no
acct_1RFIpgBF58XJqyd8,Bella Tam,Bella Tam,bodyspa.vegas@gmail.com,true,true,2025-04-18,BELLA TAM,pretty2020.live,+17027517886,Bellagreen,04fae092-c8ab-4d08-b4b9-8085304c7610,statement descriptor,3,statement descriptor + company name + name,no
acct_1SezvbJ2YpxyWSxL,Ramen Lab Eatery,Ramen Lab Eatery West boca,louis@ramenlabeatery.com,true,true,2025-12-16,RAMEN LAB EATERY,www.Ramenlabeatery.com,+15619015017,Ramen Lab Eatery - West Boca Raton,3e335897-2e8d-48f8-8c65-e93e4805cbfc,statement descriptor,3,statement descriptor + address (zip only) + name,no
acct_1SX2l2LdMr9p9UNF,BTM,Rokstar Chicken BTM,mark@rokstarchicken.com,true,true,,ROKSTAR CHICKEN BTM,https://rokstarchicken.com,+19297780888,bb.q Chicken,99dfeefd-fe89-4dc6-b9f8-c0fcfd56248a,statement descriptor,3,statement descriptor + company name + name,no
acct_1SX2RbL4d5ZGIOzi,LIC,Rokstar Chicken LIC,mark@rokstarchicken.com,true,true,,ROKSTAR CHICKEN LIC,https://rokstarchicken.com,+13479885553,bb.q Chicken,99dfeefd-fe89-4dc6-b9f8-c0fcfd56248a,statement descriptor,3,statement descriptor + company name + name,no
acct_1SzlVcCQC29DXW3r,Happys PIzza Savvy Sliders,MM2 Pizza LLC,store123@happyspizza.com,true,true,2026-02-11,HAPPYS PIZZA SAVVY SLI,www.happyspizza.com,+14192105551,Pizzati,8e43dc9b-97ce-4c4b-9a6e-6655e2f1df28,statement descriptor,3,statement descriptor + company name + name,no
acct_1T01mnRp8TIojc86,Happys Pizza,Happys Pizza #12,store012@happyspizza.com,true,true,2026-02-12,HAPPYS PIZZA,happyspizza.com,+12483888508,Happy's Pizza - Wayne,d0c2f78d-cb59-4fd0-aa7a-28a5a9b82ce1,statement descriptor,3,statement descriptor + company name + name,no
acct_1T02Ey2NRLkybV9F,Happys Pizza,Happys Pizza #26,store012@happyspizza.com,true,true,2026-02-12,HAPPYS PIZZA,happyspizza.com,+12483888508,Happy's Pizza - Wayne,d0c2f78d-cb59-4fd0-aa7a-28a5a9b82ce1,statement descriptor,3,statement descriptor + company name + name,no
acct_1Tl8VV2KhV2DdSfU,Cowboy Chicken Preston,Cowboy Chicken Enterprises LP,sboyett@cowboychicken.com,true,true,2026-06-22,COWBOY CHICKEN PRESTON,cowboychicken.com,+19727326821,bb.q Chicken,99dfeefd-fe89-4dc6-b9f8-c0fcfd56248a,statement descriptor,3,statement descriptor + company name + name,no
acct_1U9XuM34eoizMCJ5,Chicas Tacos MM,Chicas Tacos,chris@chicastacos.com,true,true,2026-08-28,CHICAS TACOS LA BREA,chicastacos.com,+13238638226,24/7 Tacos,9ea8ea90-f40f-4383-9b9f-04768462652a,statement descriptor,3,statement descriptor + company name + name,no
acct_19TfTuI1NHPD9hX5,Johnnyrebs,Johnny Rebs' Inc,marisol@johnnyrebs.com,false,false,,WWW.JOHNNYREBS.COM,www.Johnnyrebs.com,+15625961800,Johnny Q's,7bff5c36-2fc9-42f3-b401-019f32388012,statement descriptor,3,statement descriptor + company name + name,no
acct_1NAePSJnxzuE6Yv3,Babybrasa,,gm@babybrasa.com,false,false,2023-05-22,WWW.BABYBRASA.COM,www.babybrasa.com,+19173748085,Baby Brasa,47935a56-8a67-4497-9122-b4d1c86688ce,statement descriptor,3,statement descriptor + business url + name,no
acct_1OB1SSF2h8X1YLpF,Instagram,Alyssa Wong,alyssa.l.wong@gmail.com,false,false,2023-11-10,CHEF A. WONG,https://www.instagram.com/misses_wong/,+17322660610,Chef Alyssa Wong,9e63e9e3-ffa1-442f-8eaa-e203caba928c,statement descriptor,3,statement descriptor + company name + name,no
acct_1OpNTzKn2XvO9CpE,Ardysgrill,Ardy's,ardysgrill@gmail.com,false,false,2024-03-01,ARDYS MEDITERRANEAN ,www.ardysgrill.com,+19727571739,Ardy's Mediterranean Fusion,2bfcedaa-31de-4d89-91ca-ea07599a1f91,statement descriptor,3,statement descriptor + address (street) + name,no
acct_1PQEOZDbyHCKTSC2,ROOH Palo Alto,Good Times Restaurants,info@roohsf.com,false,false,,ROOH PALO ALTO,www.roohrestaurants.com,+16508007090,ROOH Palo Alto,831289fe-ef93-4a89-8222-ec91abd50c03,statement descriptor,3,statement descriptor + address (zip only) + name,no
acct_16EhCKJJC1tWwrOA,Bluemoon-cater,"Mission Control, LLC",colleen@bluemoonmexicancafe.com,true,true,,WWW.BLUEMOON-CATER.COM,www.bluemoon-cater.com,+12018484088,Az Caterer,b05f3cb0-0f27-4a41-be41-2ef5dfa6f2f9,statement descriptor,2,statement descriptor + name,no
acct_17ceqREpH1WZsLyx,Mei Mei Dumplings,"Mei Mei Restaurant, INC",ap@meimeidumplings.com,true,true,,MEI MEI DUMPLINGS,meimeidumplings.com,+18572504959,Mei Wei Asian Bistro,c1f00d15-d58b-4ff7-b928-5e5a1c8be92a,statement descriptor,2,statement descriptor + company name,no
acct_1BEJsnGkzPADvQsZ,cocu.nyc,Cocu,chris@cocu.nyc,true,true,,COCU.NYC,http://cocu.nyc,+16469520179,NYC Catering Company LLC,92218093-9648-4d63-babd-82cb90612065,statement descriptor,2,statement descriptor + name,no
acct_1GSRWOL4oJA41R9p,Fields Good Chicken (r9p),Fields Good Chicken,field@fieldsgoodchicken.com,true,true,,FIELDS GOOD CHICKEN,fieldsgoodchicken.com,+12125055861,Fields Good Chicken - 40th & Mad,3810a300-7218-435b-84a6-d2fb6043d4cd,statement descriptor,2,statement descriptor + company name,no
acct_1GTWEhKeTCFhTtbO,Hobokenpie,"Lotta Dough, LLC",matt@hobokenpie.com,true,true,,HOBOKEN PIE,hobokenpie.com,+15124774256,Hoboken Pie,853a9b23-3626-4126-8804-1b07ade7756e,statement descriptor,2,statement descriptor + business url,no
acct_1IbDykCKvRmYH5on,Tacoslacalle,Tacos la Calle,tacoslacalle@gmail.com,true,true,,TACOS LA CALLE,www.tacoslacalle.com,+17142365211,24/7 Tacos,9ea8ea90-f40f-4383-9b9f-04768462652a,statement descriptor,2,statement descriptor + name,no
acct_1JQDAFAxaZreNzyP,Blackseedbagels,Bushwick Bagel Ventures LLC,bellz@blackseedbagels.com,true,true,,BLACK SEED BAGELS,https://www.blackseedbagels.com/,+16469151500,Black Seed Bagels,e270148b-0f5b-4714-ab87-70b4adcd7d3f,statement descriptor,2,statement descriptor + business url,no
acct_1LXX8XHTyNyh1ZZm,G6 Concepts LLC,Trejos Tacos - La Brea,jim@trejostacos.com,true,true,,TREJOS TACOS - LA BREA,www.trejostacos.com,+13239388226,24/7 Tacos,9ea8ea90-f40f-4383-9b9f-04768462652a,statement descriptor,2,statement descriptor + name,no
acct_1LXY9oBonHUBjm6W,6775 Santa Monica Partners LLC,Trejos Coffee and Donuts,jim@trejostacos.com,true,true,,TREJOS COFFEE & DONUTS,www.trejosdonuts.com,+13234669559,Trejo's Coffee & Donuts,c3736e94-0101-4657-90c0-ece275a6a215,statement descriptor,2,statement descriptor + name,no
acct_1NuzUiKtl4WlYGsi,Supercrab,SUPER CRAB JUICY SEAFOOD,supercrabrochester@gmail.com,true,true,2023-09-27,WWW.SUPERCRAB.COM,www.supercrab.com,+15856858288,Supernatural,9d54553f-98bb-4289-9953-6bcae143edce,statement descriptor,2,statement descriptor + company name,acct_1ST4JZ1ktYbXI9Kv
acct_1OKo6pFzULsN9S20,Elgallobk,El Gallo Taqueria,alex@elgallobk.com,true,true,2023-12-07,EL GALLO TAQUERIA,elgallobk.com,+19176680044,El Gallo Taqueria,4c6489e6-dd34-4a47-8552-9136a7e2cc13,statement descriptor,2,statement descriptor + name,no
acct_1OrmHJKPxBruVoS2,Summer Salt - Madison NEW,Summer Salt,danny@summersaltnyc.com,true,true,2024-03-07,SUMMER SALT,SUMMERSALTNYC.COM,+12127633362,Summer Salt - Midtown,52164999-dd5b-4e01-a07e-62b655655be2,statement descriptor,2,statement descriptor + name,no
acct_1OX7kALNISX6feGO,7 Elephants Masaya inc ,7 Elephants ,masayafood@gmail.com,true,true,2024-01-10,7 ELEPHANTS MASAYA INC,www.7ethai.com,+16469452581,7 Elephants,6b826933-30c3-458f-a201-7a3fffc3dc8e,statement descriptor,2,statement descriptor + name,no
acct_1OzsH5LDYUbQsenX,SSP Midmarket,SUNSET SQUARES PIZZA,dl@sunsetsquares.com,true,true,2024-04-16,SUNSET SQUARES PIZZA,www.sunsetsquares.com,+17742911801,Sunset Squares Pizza - Divisadero,016b97ee-3ecc-4b51-b560-4be6c9ee3145,statement descriptor,2,statement descriptor + company name,no
acct_1P19ymEu9IPhUtPw,Bingebiryani,Binge Biryani,rohan@junglynyc.com,true,true,2024-04-02,BINGE BIRYANI,www.bingebiryani.com,+18772901650,Binge Biryani - Forest Hills,60f2a33a-1d51-4aac-9719-e6a2cb3ae924,statement descriptor,2,statement descriptor + name,no
acct_1P5f5LAlKbwQO1VH,Aroma Pizza and Pasta,Ace Aroma Inc,acehaidrey@gmail.com,true,true,2024-04-15,AROMA PIZZA AND PASTA,aromapizzaandpasta.com,+19499160909,PastaMasta,0048b8dc-43b0-458c-a823-71deed17a856,statement descriptor,2,statement descriptor + name,no
acct_1P6GAxCjlvChPX6g,SSP SJ,SUNSET SQUARES PIZZA,dl@sunsetsquares.com,true,true,,SUNSET SQUARES PIZZA,www.sunsetsquares.com,+17742911801,Sunset Squares Pizza - Divisadero,016b97ee-3ecc-4b51-b560-4be6c9ee3145,statement descriptor,2,statement descriptor + company name,no
acct_1PaNjqKRspLuapD2,Scott Dahlen Dahlen,Scott Dahlen Dahlen,info@fitzysdiner.com,true,true,2024-07-08,FITZYS DINER,www.fitzysdiner.com,+16148461004,Fitzy's Old Fashioned Diner,3215a279-cb24-40c1-9fb8-8e442e738846,statement descriptor,2,statement descriptor + address (zip only),no
acct_1PT504DneDjbCMXK,206 Burger Company,aayo gorkhalee llc,206burgercaphill@gmail.com,true,true,2024-06-18,206 BURGER COMPANY,www.206burgercompany.com,+12068059222,LA Burger,cbd9d07b-632c-47cf-8514-2eed361a1cff,statement descriptor,2,statement descriptor + name,no
acct_1PVJtGKp8NML10u3,Brian Tsao,Pudwich LLC,admin@missionsandwich.com,true,true,2024-07-03,BRIAN TSAO,www.missionsandwich.com,+13475295328,Tsaocaa,b373d22d-54e8-4f6a-a143-c900d0892724,statement descriptor,2,statement descriptor + name,no
acct_1QtwjmJJRfEhW2VV,Tasty-dawg,Tasty Dawg,teddybearstable@gmail.com,true,true,2025-02-18,TASTY DAWG,tasty-dawg.com,+16149626967,Tasty Dawg,17a4f456-b802-473c-a04a-04dcac866286,statement descriptor,2,statement descriptor + name,no
acct_1RgcWUCHeJBR0y14,Genghis Grill - Addison,FamilyMeal Concepts Inc,peter@familymeal.com,true,true,2025-07-03,GENGHIS GRILL ADDISON,www.familymeal.com,+17322397055,ZK Grill,a71649f2-15d6-4b9d-bfbd-b3c8690c7bd4,statement descriptor,2,statement descriptor + name,no
acct_1RgpoiJcNUV5ePX7,Hot Chicken Takeover - Grandview,FamilyMeal Concepts Inc,peter@familymeal.com,true,true,2025-07-03,HOT CHICKEN GRANDVIEW,www.familymeal.com,+16149145086,bb.q Chicken,99dfeefd-fe89-4dc6-b9f8-c0fcfd56248a,statement descriptor,2,statement descriptor + name,no
acct_1RgpSSP1VkTdhYlu,Wing It On - Lombard,Wing it On - Lombard,peter@familymeal.com,true,true,2025-07-03,WING IT FAMILYMEAL,www.familymeal.com,+16305371204,Wing It,02853436-b28a-4528-a56a-90af8ad4e954,statement descriptor,2,statement descriptor + name,no
acct_1RgpxAJBZH8T5XtH,Hot Chicken Takeover - North Market,FamilyMeal Concepts Inc,peter@familymeal.com,true,true,2025-07-03,HCT - NORTH MARKET,www.familymeal.com,+16148004538,Northside Inc. Cafe,79adde42-639c-442b-8e31-781e3003b5c9,statement descriptor,2,statement descriptor + name,no
acct_1Rgq8NHKuGJowKKf,Hot Chicken Takeover - Gahanna,FamilyMeal Concepts Inc,peter@familymeal.com,true,true,2025-07-03,HOT CHICKEN GAHANNA,www.familymeal.com,+16144298050,bb.q Chicken,99dfeefd-fe89-4dc6-b9f8-c0fcfd56248a,statement descriptor,2,statement descriptor + name,no
acct_1RgqTH02qQnJbfJc,The Budlong Southern Chicken - Hayden Hall,FamilyMeal Concepts Inc,peter@familymeal.com,true,true,2025-07-03,THE BUDLONG SOUTHERN C,www.familymeal.com,+13129893161,The Budlong Southern Chicken - Hayden Hall,688c0c44-3d6e-46bd-9ee4-d3ef2129230c,statement descriptor,2,statement descriptor + name,no
acct_1RgtfiJjwSB6Q1I1,Hot Chicken Takeover - Clintonville,FamilyMeal Concepts Inc,peter@familymeal.com,true,true,2025-07-03,HOT CHICKEN TAKEOVER,www.familymeal.com,+16145867910,bb.q Chicken,99dfeefd-fe89-4dc6-b9f8-c0fcfd56248a,statement descriptor,2,statement descriptor + name,no
acct_1RiDgaRpMTGtsVvk,Taim - City Spire,FamilyMeal Concepts Inc,peter@familymeal.com,true,true,2025-07-07,TAIM - CITY SPIRE,www.familymeal.com,+16464550667,Taim - City Spire,9921339a-c3f2-4089-ab03-1770fda0fa5d,statement descriptor,2,statement descriptor + name,no
acct_1Rm2cL2NCaaQ1rSg,Vamos Vamos Bar,Umi Casa LLC,info@vamosvamosbar.com,true,true,,VAMOS VAMOS BAR,https://vamosvamosbar.com,+14247448408,Vamos Vamos,ae5dabd2-d76a-4395-a71a-06fb42ae8846,statement descriptor,2,statement descriptor + address (city),no
acct_1RmE4vJaQjuhz8X3,Glenrockpizza,Francesca Pizza & Pasta,sreina5@yahoo.com,true,true,2025-07-18,FRANCESCA PIZZA & PAST,www.glenrockpizza.com,+12012511199,PastaMasta,0048b8dc-43b0-458c-a823-71deed17a856,statement descriptor,2,statement descriptor + name,no
acct_1SunVLRzugz33xX5,Happys pizza 43,Ashley 43 inc,store043@happyspizza.com,true,true,2026-02-04,HAPPYS PIZZA 43,www.happyspizza.com,+17347297777,Happy's Pizza - Wayne,d0c2f78d-cb59-4fd0-aa7a-28a5a9b82ce1,statement descriptor,2,statement descriptor + name,no
acct_1SvN2eF6BwlVIezc,Happys Pizza,MM1 Pizza 24 LLC,marvinmansoor@yahoo.com,true,true,2026-01-30,HAPPYS PIZZA,www.happyspizza.com,+12485537777,Happy's Pizza - Wayne,d0c2f78d-cb59-4fd0-aa7a-28a5a9b82ce1,statement descriptor,2,statement descriptor + name,no
acct_1U41SWKtojiErZ3B,Lighthousebk,,chick@lighthousebk.com,true,true,2026-08-13,LIGHTHOUSEBK.COM,Lighthousebk.com,+16466840808,Lighthouse Catering,089a9c75-3e48-4a0c-8554-43fea7362328,statement descriptor,2,statement descriptor + name,no
acct_1NfpIJDCYiESMiij,taqueriaalpastor.nyc,,cobblehill@taqueriaalpastor.nyc,false,false,2023-08-16,TAQUERIAALPASTOR.NYC,https://www.taqueriaalpastor.nyc/,+13472944381,NYC Catering Company LLC,92218093-9648-4d63-babd-82cb90612065,statement descriptor,2,statement descriptor + name,no
acct_1NfY0iIPg5sUT2fH,Tongbrooklyn,Tong,tongbrooklyn@gmail.com,false,true,2023-08-16,TONGBROOKLYN.COM,tongbrooklyn.com,+17184066979,TONG,799cd8f1-1b84-4588-8062-25d2f1b7bba6,statement descriptor,2,statement descriptor + name,no
acct_1NSh4RETTZcJmIgG,cuisinebyclaudette.nyc,,info@cuisinebyclaudette.nyc,false,false,2023-07-11,CUISINEBYCLAUDETTE.NYC,https://cuisinebyclaudette.nyc/,+17188690190,N.D.A Cuisine,6606fe1d-8fea-4ab3-8b6e-325895bd5e43,statement descriptor,2,statement descriptor + name,no
acct_1TidTmF2lM5Q0N7k,Pete's Bagels - Tarpon Springs,"Petes General, LLC",steven@petesgeneral.com,false,false,2026-06-15,PETES BAGELS - TARPON ,petesbagels.com,,Pete's Bagels - Tarpon Springs,ffe3efd0-c2ff-43a5-98f9-9abfcbbc4b93,statement descriptor,2,statement descriptor + name,no
acct_1IoagWJTfd0lOyeO,Opencrumbdc,Restaurant ,info@opencrumbdc.com,true,true,,OPENCRUMBDC.COM,opencrumbdc.com,+12026109979,Crumbl,93f5e211-3b36-41b5-a122-5d08dd8763d0,statement descriptor,,statement descriptor,no
acct_1O4SizKu19NPDpHO,Tikkabowlsandtacos,Bhavin Patel,bhavinpatel619@gmail.com,true,true,2023-10-25,TIKKA  BOWLS AND TACOS,Www.tikkabowlsandtacos.com,+15617585861,24/7 Tacos,9ea8ea90-f40f-4383-9b9f-04768462652a,statement descriptor,,statement descriptor,no
acct_1OD5NHDZdiGb2G5g,owner.com,Bonada LLC,boris@sushidojonyc.restaurant,true,true,2023-11-16,BONADA LLC SUSHI DOJO,www.sushidojonyc.restaurant,+16466929398,Sushi Dojo ,aab63601-e663-4099-bba7-ead63d9c3d7e,statement descriptor,,statement descriptor,no
acct_1OKS4OCvBcYuuYwU,Feedcoburgers,Feed Co. Burgers,info@feedcoburgers.com,true,true,2023-12-06,FEED CO. BURGERS,https://feedcoburgers.com/,+12067266000,LA Burger,cbd9d07b-632c-47cf-8514-2eed361a1cff,statement descriptor,,statement descriptor,no
acct_1P6GBGAplHLC0d8D,PIXL Clement,SUNSET SQUARES PIZZA,dl@sunsetsquares.com,true,true,,PIXLCAT COFFEE,www.pixlcatcoffee.com,+17742911801,Pixlcat Coffee - Inner Richmond,842cefa6-4f33-4936-a546-c055611b0e93,statement descriptor,,statement descriptor,no
acct_1PPAhZBklI9oVVGu,Food Concierge,Food Concierge Enterprises,dleporini@foodconciergeco.com,true,true,2024-06-07,FOOD CONCIERGE,foodconciergeco.com,+13107308843,Trattoria Moderna Italian Catering,d265cc7c-a251-4015-88ef-d09bf84a9a88,support phone,,support phone,acct_1PPANfCdlLZWrFgv
acct_1PQESjDIBkbqyDal,Food Concierge,Food Concierge Enterprises,dleporini@foodconciergeco.com,true,true,2024-06-10,FOOD CONCIERGE,foodconciergeco.com,+13107308843,Trattoria Moderna Italian Catering,d265cc7c-a251-4015-88ef-d09bf84a9a88,support phone,,support phone,acct_1PPANfCdlLZWrFgv
acct_1QMZ6mJlpvUsxYv9,ZARA Mediterranean Charcoal Grill,ZARA Mediterranean Charcoal Grill,josepha804@yahoo.com,true,false,2024-11-18,ZARA CHARCOAL GRILL,https://www.zaragrillrva.com/,+18047162323,ZK Grill,a71649f2-15d6-4b9d-bfbd-b3c8690c7bd4,statement descriptor,,statement descriptor,no
acct_1QycZkJX2K5b1EsN,Hellogtk,gtk,info@hellogtk.com,true,true,2025-03-03,GTK WINGS,www.hellogtk.com,+12017818369,Wing It,02853436-b28a-4528-a56a-90af8ad4e954,statement descriptor,,statement descriptor,no
acct_1RamEUGrBNWU8M9z,Siam tree llc,Siam tree llc,siamtreellc@gmail.com,true,true,2025-06-16,KRUA THAI,kruarestaurants.com,+15087599662,Thai Kitchen,306671c3-e62c-40ad-8b1d-d20799a7778f,statement descriptor,,statement descriptor,no
acct_1Rgq39RuIM9F6hoV,Hot Chicken Takeover - Westerville,FamilyMeal Concepts Inc,peter@familymeal.com,true,true,2025-07-03,HCT - WESTERVILLE,www.familymeal.com,+16145687004,Trailer Birds Hot Chicken Phoenix,721ea57c-cd1c-43e8-93c1-cd32fc605075,statement descriptor,,statement descriptor,no
acct_1RgqI1JUyWfPfK5S,The Budlong Southern Chicken - Oak Brook,FamilyMeal Concepts Inc,peter@familymeal.com,true,true,2025-07-03,THE BUDLONG SOUTHERN C,www.familymeal.com,+13312992071,The Budlong Southern Chicken - Hayden Hall,688c0c44-3d6e-46bd-9ee4-d3ef2129230c,statement descriptor,,statement descriptor,no
acct_1RgtDzFRVPLrROac,The Budlong Southern Chicken - Lincoln Park,FamilyMeal Concepts Inc,peter@familymeal.com,true,true,2025-07-03,THE BUDLONG SOUTHERN C,www.familymeal.com,+17732709005,The Budlong Southern Chicken - Hayden Hall,688c0c44-3d6e-46bd-9ee4-d3ef2129230c,statement descriptor,,statement descriptor,no
acct_1RgtK7C2bxk8y4wk,The Budlong Southern Chicken - Lincoln Square,FamilyMeal Concepts Inc,peter@familymeal.com,true,true,2025-07-03,THE BUDLONG SOUTHERN C,www.familymeal.com,+17732709005,The Budlong Southern Chicken - Hayden Hall,688c0c44-3d6e-46bd-9ee4-d3ef2129230c,statement descriptor,,statement descriptor,no
acct_1RgtrYKY5LFOMAXL,The Budlong Southern Chicken - Lakeview,FamilyMeal Concepts Inc,peter@familymeal.com,true,true,2025-07-03,THE BUDLONG SOUTHERN C,www.familymeal.com,+17738885000,The Budlong Southern Chicken - Hayden Hall,688c0c44-3d6e-46bd-9ee4-d3ef2129230c,statement descriptor,,statement descriptor,no
acct_1SX2EKPvyntXLMGG,Douglaston,Rokstar Chicken Douglaston,mark@rokstarchicken.com,true,true,,ROKSTAR CHICKEN DOUG,rokstarchicken.com,+17188198933,D.P. Dough,25da4c7e-e18e-4ea0-9df7-cf89e1a2b4ba,statement descriptor,,statement descriptor,no
acct_1LkXn6HSOT2w2EZs,Eatcleanbro,Eat Clean Bro,tom@eatcleanbro.com,false,false,2022-10-14,YEAH BUDDY BBQ,WWW.EATCLEANBRO.COM,+19082168592,R&R BBQ,6e9c9946-5a31-4ddb-8571-971fb78d0fd6,statement descriptor,,statement descriptor,no
acct_1NYy0lHYFme83fIO,nixtamal.nyc,Taqueria Nixtamal,nixtamalmarketline@gmail.com,false,true,2023-07-28,NIXTAMAL.NYC,Nixtamal.NYC,+16468510090,NYC Catering Company LLC,92218093-9648-4d63-babd-82cb90612065,statement descriptor,,statement descriptor,no
acct_1OXdhwFzggn1UCCZ,ingasalpinetavern.net,Amelia's Place LLC dba Inga's Alpine Tavern,info@ingasalpine.com,true,true,2024-01-12,TAVERN,ingasalpinetavern.net,+17203896203,Inga's Alpine Tavern,31d0d046-ad5f-4ab1-be90-8483fc9bd2a0,company name,6,company name + address (street) + address (city) + business url + address (zip only) + name,no
acct_1JXup6FkI0Ep1oLQ,Mississippiboy5280,MISSISSIPPI BOY CATFISH & RIBS,mississippiboy5280@gmail.com,true,true,,MISSISSIPPIBOY5280,WWW.MISSISSIPPIBOY5280.COM,+13035058149,MISSISSIPPI BOY CATFISH & RIBS,814e1dab-5697-4dc0-8734-0cc9b747312b,company name,5,company name + address (street) + address (city) + address (zip only) + name,no
acct_1NBJbmL5iR3OHK4l,Yellas,Yella's,jkim@lorenzofoodgroup.com,false,false,2023-06-08,YELLAS,www.yellas.com,+19738402279,Yella's,65193f65-5046-42d5-8986-128892c62221,company name,5,company name + address (city) + business url + address (zip only) + name,no
acct_1NnOgVCBWWpRPdXv,Delete ,The Calimex Cafe ,christopher.craig@thecalimexcafe.com,true,false,2023-09-06,THECALIMEXCAFE.COM,thecalimexcafe.com,+15126203574,The Calimex Cafe ,ce4fb76b-9f99-4351-b73f-787230d4e0ef,address (street),4,address (street) + address (city) + business url + name,no
acct_1Nz3lsFtruTFxffo,Riddimnspice,Riddim N Spice ,info@riddimnspice.com,true,true,2023-10-12,WWW.RIDDIMNSPICE.COM,www.riddimnspice.com,+16159537121,Riddim N Spice,e1fdac1d-4160-4540-8212-b3f89d8a6cfa,address (city),4,address (city) + business url + address (zip only) + name,no
acct_1OKq00FVuQ7rt8Pq,Parkstcafe,Park street cafe,wooshwoogie@yahoo.com,true,false,,PARKSTCAFE.COM,www.parkstcafe.com,+15414852089,Park Street Cafe,b1394729-85e0-4041-b24f-da962bac24df,company name,4,company name + address (city) + address (zip only) + name,no
acct_1ONedUERwJhTBFXN,Eatwaldocafe,Waldo Cafe,david.waldocafe@gmail.com,true,true,2023-12-15,EATWALDOCAFE.COM,www.eatwaldocafe.com,+18167016981,Waldo Cafe,a16bf974-182a-47b3-9028-86dca5d845b7,address (street),4,address (street) + address (city) + address (zip only) + name,no
acct_1OPfDEGzUQK53djV,Aygueynyc,AY GUEY,accounts@aygueynyc.com,true,true,2023-12-27,AY GUEY,aygueynyc.com,+17182551633,Ay Guey NYC Mexican Restaurant,342c748e-3ec9-46a1-9013-21ffd16fc3a5,address (city),4,address (city) + business url + address (zip only) + name,no
acct_1PWlnPBf74KG3u9e,Edgemar Hospitalilty LLC,Edgemar Hospitalilty LLC,info@edgemar.la,true,false,,EDGEMAR,edgemar.la,+14242526488,EdgeMar Restaurant,540eba2c-b472-4022-b685-7cac1276e498,company name,4,company name + address (city) + business url + name,no
acct_1Q7LzoK6K4y2JMpI,Eatya Pizza,Eatya Pizza,scott@rootedcraftkitchen.com,true,true,2024-10-07,EATYA,www.eatyapizza.com,+16686466,Eatya Pizza,aef086e3-5112-4785-843b-2569cfa75129,company name,4,company name + address (city) + business url + name,no
acct_1LmRkRFiPDDJgJbI,Yourfreshkitchen,Fresh Kitchen,chris@yourfreshkitchen.com,true,true,,YOURFRESHKITCHEN,www.yourfreshkitchen.com,+17327698133,Your Fresh Kitchen,1b727762-c7c5-403c-8aab-cf3e1bf82bd2,address (city),3,address (city) + business url + name,no
acct_1O6zD4B98JebwOS2,Soul2gocatering,Delwin Osborne,soul2go1st@yahoo.com,true,true,2023-10-30,SOUL 2 GO CATERING,www.soul2gocatering.com,+18558477623,Soul 2 Go Catering,37ef565e-25ef-4859-b71f-361c6b49fcaf,address (city),3,address (city) + business url + name,no
acct_1O9vH3GzV6XreOR5,Thedancingblender,"The Dancing Blender Smoothie Co.,",thedancingblenderv2@gmail.com,true,true,2023-11-07,THEDANCINGBLENDER.COM,thedancingblender.com,+19738215707,The Dancing Blender Smoothie Co. - A Kosher Business,2625cb51-a64e-468d-9b6a-94f722c9dafc,company name,3,company name + address (city) + address (zip only),no
acct_1OAJX3ISdLFPUUQ8,Zunkaa,Siddhesh Patil,zunkaanj@gmail.com,true,true,2023-11-13,ZUNKAA.COM,https://zunkaa.com/,+19176051987,Zunkaa Authentic Indian Cuisine ,1933dfa6-ae86-46de-bfa8-7f6f29acdf7b,address (city),3,address (city) + business url + address (zip only),no
acct_1OMYhwJmgsa26WBk,Shuksavannah,Alexis Levin,alexis@shuksavannah.com,true,true,2023-12-12,SHUKSAVANNAH,www.ShukSavannah.com,+19123354340,Shuk,d2b049bf-e320-445d-92b5-105da094d82e,address (city),3,address (city) + address (zip only) + name,no
acct_1OUhyiAjJZiX7eqQ,Thedinerboysny,The diner boys llc,thedinerboys@gmail.com,true,true,,THEDINERBOYSNY.COM,thedinerboysny.com,+15168097130,The Diner Boys,7d0c91bd-22ec-4650-a1f4-1ea69a9b5e3d,company name,3,company name + address (city) + name,no
acct_1PGOuMA2XyMqPdfR,"Chook on Birch, LLC","Chook on Birch, LLC",elizabeth@chookchicken.com,true,true,2024-05-14,CHOOKCHICKEN.COM,www.chookchicken.com,+13032828399,Chook - 8th Ave & Birch St,0199d197-15f4-4e41-9ab1-b1825569793d,company name,3,company name + address (zip only) + name,no
acct_1PpcRRAhggD9UGOU,Mesobkc,Cherven Desauguste Desauguste,chefcherven@gmail.com,true,false,,CHERVEN DESAUGUSTE,mesobkc.com,+18167219060,Mesob Restaurant ,c21ad852-f94c-4b41-ba18-ea4255b0868e,address (city),3,address (city) + address (zip only) + name,no
acct_1PQD4tJn65kdZ63d,Sandyhookseafood,Sandy Hook Seafood,order@sandyhookseafood.com,true,true,2024-06-10,WWW.SANDYHOOKSEAFOOD.COM,www.sandyhookseafood.com,+17327782327,Sandy Hook Seafood,8423cd0f-8c6c-464d-bf03-1d5637cc19e1,company name,3,company name + business url + name,no
acct_1PqH3WKY6PjY6d9o,Formentos/Nonnas Restaurant,B Restaurant LLC,rpenfold@bhospitalityco.com,true,true,2024-08-21,FORMENTOS/NONNAS RESTA,www.formentos.com,+13126907295,Nonna’s Pizza and Sandwiches,83a18d3b-bf98-4746-91ac-307e4465f6c0,address (city),3,address (city) + address (zip only) + name,no
acct_1RiI2XIuwtOFne29,Tal bagels inc,Tal bagels inc,talbagels977@gmail.com,true,true,2025-07-07,ORDERTALBAGELS.COM,http://ordertalbagels.com/,+15162863339,Tal Bagels,25d2cbe9-5a49-4ba4-82fb-77b06ba90359,company name,3,company name + address (street) + name,no
acct_1SOrzy20F10Pbyxb,Mangas Mini Treats LLC,Mangas Mini Treats LLC,sales@mangasminitreats.com,true,true,2025-11-02,MANGASMINITREATS.COM,www.mangasminitreats.com,+18047162319,Manga's Mini Treats,71712a0e-a49a-4b69-b548-02e9cc3a86b4,company name,3,company name + business url + name,no
acct_1SziKRFfDKEuzPCL,happy pizza,C&C GREECE LLC,store032@happyspizza.com,true,true,2026-02-11,C&C GREECE LLC,happyspizza.com,+12487899385,Happy's Pizza - Wayne,d0c2f78d-cb59-4fd0-aa7a-28a5a9b82ce1,address (street),3,address (street) + address (zip only) + name,no
acct_1LXTbQE86Vh3NraR,Itstossd,Toss'd,ericaannlieberman@gmail.com,false,false,2022-08-16,WWW.ITSTOSSD.COM,www.itstossd.com,+17322687657,Toss'd,f54a25f7-dc8d-4157-8e84-47f76da90904,company name,3,company name + address (city) + name,no
acct_1NozsuDqlFoAFvTQ,Rexallgrill,Duluth Rexall Grill,duluthrg@gmail.com,false,false,2023-09-11,REXALLGRILL.COM,rexallgrill.com,+17706238569,Duluth Rexall Grill,130db19e-7980-47a0-a014-afdb44911b65,address (city),3,address (city) + business url + name,no
acct_1DdHNZAbruAEpVeD,Fusion Caterers Restaurant & Bakery,Fusion Caterers Restaurant & Bakery. llc,jamitbistro@gmail.com,true,true,,JAMIT BISTRO,www.jamitbistrony.com,+19292980074,T&T Fusion,97660c45-cbb1-4213-911a-3b98613094d7,company name,2,company name + name,no
acct_1GxE9hIC2PLDzHiC,Nadas,Nadas Foods,nadas.nyc@gmail.com,true,true,,NADAS FOODS,eatnadas.com,+16464164346,Nadas Colombian Gluten Free Empanadas,e6901317-48f8-47c3-bbdd-50fef0dcc294,company name,2,company name + name,no
acct_1Hvo5rLWoNMWn6Z7,Havenhotchicken,Haven Hot Chicken,tom@havenhotchicken.com,true,true,,HAVENHOTCHICKEN.COM,HavenHotChicken.com,+12036917617,Haven Hot Chicken - Orange,e4f9e414-b03f-4225-b1c5-eea65a3c4c9c,company name,2,company name + name,no
acct_1INiSFFlBWVCCRZ9,Atlanticbagelscafe,Atlantic Bagels,atlanticbagels@gmail.com,true,true,,ATLANTICBAGELSCAFE.COM,atlanticbagelscafe.com,+17182549000,Atlantic Bagels,7db91f45-fbf6-472f-a075-55943da930e6,company name,2,company name + name,no
acct_1NSm8yJcNRwcyJo8,Haruekfood,https://www.haruekfood.com/,hankoo77@gmail.com,true,true,,HARUE KITCHEN,haruekfood.com,+17706805680,Harue,e4ff392e-9faf-4e56-891b-1edebeaeec41,address (street),2,address (street) + name,no
acct_1O49QTJtPeqmJKhM,Elxolotacos,EL XOLO TACOS ATX,luisfernandofartor@hotmaill.com,true,true,2023-10-22,WWW.ELXOLOTACOS.COM,https://www.elxolotacos.com,+17372287577,24/7 Tacos,9ea8ea90-f40f-4383-9b9f-04768462652a,company name,2,company name + name,no
acct_1O8SEpB0xTGBWf9Y,Gregoriostrattoria,GREGORIO'S TRATTORIA,gregoriostrattoriacatering2@gmail.com,true,true,2023-11-03,GREGORIOSTRATTORIA,www.gregoriostrattoria.com,+12404630211,GREGORIO'S TRATTORIA - RESTON,863ce24f-55d1-444d-98c1-7235e4dafd31,address (city),2,address (city) + address (zip only),no
acct_1OCT7EAOxT0DqeGM,Gregoriostrattoria,GREGORIO'S TRATTORIA,gregoriostrattoriacatering2@gmail.com,true,true,2023-11-14,GREGORIOSTRATTORIA,www.gregoriostrattoria.com,+12404630211,GREGORIO'S TRATTORIA - RESTON,863ce24f-55d1-444d-98c1-7235e4dafd31,address (city),2,address (city) + address (zip only),no
acct_1OhMYvKtvhTjXGLO,byrekandbaguette.org,Tonin Gjekmarkaj,toningj12@gmail.com,true,true,2024-02-08,BYREKANDBAGUETTE.ORG,https://www.byrekandbaguette.org,+15869950737,Byrek & Baguette,47d03559-6e38-40fc-ab73-3720dc84d148,address (city),2,address (city) + name,no
acct_1OM1jzJIOh3GQIyw,blackmarketbarbecue.net,Black Market BBQ LLC,blackmarketbbqllc@gmail.com,true,true,2023-12-11,BLACKMARKETBARBECUE.NE,www.blackmarketbarbecue.net,+16787734830,R&R BBQ,6e9c9946-5a31-4ddb-8571-971fb78d0fd6,company name,2,company name + name,no
acct_1OmLhBKpV3wvmKFV,Darksideofthemoo,,info@darksideofthemoo.com,true,true,2024-02-21,DARKSIDEOFTHEMOO.COM,www.darksideofthemoo.com,+12019531705,Dark Side of the moo hell's kitchen,a433353e-c46f-4c4a-b29a-676e2f2779c1,business url,2,business url + name,no
acct_1OpaU0LJnyE26ZVT,Ztejas,Z'Tejas,rnethercut@ztejas.com,true,true,2024-03-01,Z'TEJAS,ztejas.com,+16025668000,Z'Tejas,6f4ebc36-6c82-4ee0-8c43-f5752772174b,business url,2,business url + name,no
acct_1OpaUzKZQ2dx5zWt,Ztejas,Z'Tejas,rnethercut@ztejas.com,true,true,2024-03-01,Z'TEJAS,ztejas.com,+16025668000,Z'Tejas,6f4ebc36-6c82-4ee0-8c43-f5752772174b,business url,2,business url + name,no
acct_1OSly1EL8aMhHBlf,Kmeventservice,Kayleigh Michele's Event Service LLC,info@kmeventservice.com,true,true,2023-12-29,KMEVENTSERVICE.COM,www.kmeventservice.com,+14696301950,Kayleigh Michele's,a0db0260-fbb6-48df-b7e5-0a7a128c08d4,company name,2,company name + name,no
acct_1P7IXaJwEXve5flr,MY LIFE,"MY LIFE, LLC",issam.chtay@mylifehealthymarkets.com,true,true,2024-04-19,MY LIFE,https://mylifehealthyfood.com/,+12818885802,My Life Cafe,a370e3f1-9070-4c34-94d5-de92fd437169,address (city),2,address (city) + address (zip only),no
acct_1PdcdsImhQizta2D,sipandco.co,Sip and Company,info@sipandco.co,true,true,2024-07-17,SIP AND COMPANY,sipandco.co,+19177179747,Sip + Co East Village,4cd1e9f0-9d49-4081-a5a8-71ac30d6240d,address (city),2,address (city) + name,no
acct_1PEvNELvXUIT4NmG,David Hopper,David Hopper,dbhopper@gmail.com,true,true,2024-05-17,DIAS MARKET,www.diasmarket.com,+15125205115,Dia's Market,56571a9d-daf3-479a-aab9-3a312da82ecd,business url,2,business url + address (zip only),no
acct_1PGOyUAPs44DZ452,"Chook on Orchard, LLC","Chook on Orchard, LLC",elizabeth@chookchicken.com,true,true,2024-05-14,CHOOKCHICKEN.COM,www.chookchicken.com,+13032828399,Chook - Cherry Hills Marketplace,cf51babd-baa5-4c19-9054-4c9711625092,address (city),2,address (city) + address (zip only),no
acct_1QxYoY2KxRg48Q2M,La Sandwicherie Upper East Side LLC,La Sandwicherie Upper East Side LLC,daronyemini@gmail.com,true,true,2025-02-28,LASANDWICHERIE.UES,lasandwicherienyc.com,+19174751035,La Sandwicherie - Upper East Side,babb1e9f-8b08-4c1e-a66f-30ad9dd447ba,company name,2,company name + name,no
acct_1QxYUHRuQX7FMpSR,La Sandwicherie Chelsea LLC,La Sandwicherie Chelsea LLC,daronyemini@gmail.com,true,true,2025-03-03,LASANDWICHERIECHELSEA,lasandwicherienyc.com,+19174727172,La Sandwicherie - Chelsea,fc5483ce-be24-4709-b4cb-16f0e8802d6e,company name,2,company name + name,no
acct_1RhkQLCLWzMARidX,Tallioscoffee,Tallio's Coffee,info@tallioscoffee.com,true,true,2025-07-21,TALLIOS,www.tallioscoffee.com,+18002786533,Tallio's,d0cea6fd-3542-48eb-907e-0fcc2bca9353,address (city),2,address (city) + name,no
acct_1RssnqCN2OpqExB2,"Castanea Sicilian Cafe, Inc.","Castanea Sicilian Cafe, Inc.",nando@castaneacafe.com,true,true,2025-08-05,CASTANEACAFE,castaneacafe.com,+13103090537,Castanea Sicilian Cafe,a27a7a6e-ee63-4e7a-bd41-5e160655953a,company name,2,company name + name,no
acct_1SsRVkKYthE9BeVZ,Hearthlyburger,,chris@hearthlyburger.com,true,true,2026-01-22,HEARTHLYBURGER.COM,www.hearthlyburger.com,+17329773007,Hearthly Burger - Shrewsbury,f3afe471-08b1-47ee-a121-95cd554408ea,address (street),2,address (street) + address (city),no
acct_1LXTsWLLxFXO7iFx,Mrpizzaslice,Mr. Pizza Slice,ericaannlieberman@gmail.com,false,false,2022-08-16,WWW.MRPIZZASLICE.COM,www.mrpizzaslice.com,+17327479165,Mr. Pizza Slice,1691a774-d1ef-4ed5-8f1c-32734f6ac1fc,address (city),2,address (city) + business url,no
acct_1NaixjKDJH0eR3cL,Bestdamncookies,Best Damn Cookies LLC,chef@bestdamncookies.com,false,true,2023-08-02,BESTDAMNCOOKIES,www.bestdamncookies.com,+19293767992,Cookie Co.,6008e25c-da8b-4bbe-a64d-216c6c5de87e,company name,2,company name + name,no
acct_1NYDmnJiGjT5DDJk,Doppelgang LLC,Porcos Philly,doppelgang2204@gmail.com,false,false,,PORCOSPHILLY.COM,porcosphilly.com,+12155452939,Porco's Porchetteria & Small Oven Pastry Shop,6f940365-fd2a-4e97-b9d3-9f078551ebd9,address (city),2,address (city) + address (zip only),no
acct_1QKhAxJdbBYOAizg,Pepperazzy,Kadiwal LLC,thepepperazzy@gmail.com,false,false,2024-11-13,PEPPERAZZY,www.pepperazzy.com,+15125424754,Pepperazzy,e65bd606-9f0c-4eb3-bc7e-f7ce567e9ab6,address (city),2,address (city) + business url,no
acct_1TyXnIKTNuY1rXIb,REALMUTO LABORATORIO,REALMUTO LABORATORIO LLC,laboratorio@realmuto.com,false,false,2026-07-29,REALMUTO LABORATORIO,realmuto.com,+16469964094,Realmuto Pasticceria,af24fb4d-6557-4c3a-98a6-0f5b46eeaf0d,business url,2,business url + name,no
acct_17KG1MBZSwjdF5rf,Ediblecreationsbygerry,,gerry@justgerry.com,true,true,,EDIBLECREATIONSBYGERRY,www.ediblecreationsbygerry.com,+14013664477,Edible Creations by Gerry/Just Gerry's ,629daaac-fed4-4ded-8ab0-ad654b7a7144,business url,,business url,no
acct_1FeonsA7FmqEvZPU,Larkinsontheriver,"Front Roe Restaurants, Inc.",tiffany@larkinsrestaurants.com,true,true,,LARKINS ON THE RIVER,www.larkinsontheriver.com,+18644679777,Larkin's Catering & Events,1176ac36-76dc-47b8-a365-fd223a65bf41,name,,name,no
acct_1Fu69mHmP7lMfif0,Alta Calidad,Malabar Kitchen LLC,michael@altacalidadbk.com,true,true,,OTRA VEZ,https://altacalidadbk.com/,+15043548194,Alta Calidad,12a4ac54-8fa3-41be-ae2a-09475c19b7b2,name,,name,no
acct_1H34tTFZUHpHqPYP,Thestonescommonhouse,Jacolo LLC,info@thestonescommonhouse.com,true,true,,THE STONES,www.thestonescommonhouse.com,+17814351344,The Stones Common House & Kitchen,138e6fd8-8552-4715-a2e3-1ae08ed8c6c9,business url,,business url,no
acct_1HYDpvDHw24AhmbS,rangoon.nyc,Rangoon Restaurant Concepts LLC,rangoon500@gmail.com,true,true,,RANGOON,https://www.rangoon.nyc,+19174420100,NYC Catering Company LLC,92218093-9648-4d63-babd-82cb90612065,name,,name,no
acct_1JzQAWCQ5cq0v33o,Victorsdelihouston,victors deli and restaurant,charuvilamathew@gmail.com,true,true,,VICTORSDELIHOUSTON.COM,https://victorsdelihouston.com/,+15163691780,AJ's Deli,5039f3ea-72a0-4b64-8e7f-a3d6da960523,company name,,company name,no
acct_1Leg6IERJTyJLJCQ,Hgworkshops,Laura Beningo,info@hgworkshops.com,true,true,,WWW.HGWORKSHOPS.COM,www.hgworkshops.com,+16094454844,Beach Buns Bakery,171ac0cd-0df5-4257-8b3d-14d60e5d2c57,address (zip only),,address (zip only),acct_1O7nymDA1L5slu2Q
acct_1M9szWHjRgXIn9jd,Summer Salt 14th Street,Summer Salt,danny@summersaltnyc.com,true,true,,SUMMERSALTNYC.COM,SUMMERSALTNYC.COM,+12128244108,Summer Salt - Midtown,52164999-dd5b-4e01-a07e-62b655655be2,name,,name,no
acct_1MzVpBBCI5u1DgSj,Maizportland,Ashanti Pettaway,maiz.portland@gmail.com,true,true,,MAIZPORTLAND,https://www.maizportland.com/,+12074002881,Maíz Catering,bf8ad038-1a3f-4075-8fcc-35e40e587b0c,address (zip only),,address (zip only),no
acct_1N1qc4A9COHNTy11,Familymeal,,kirk.thomasii@gmail.com,true,true,2023-04-28,KIRKIES KITCHEN,www.familymeal.com/kirkieskitchen,+17329773683,El Tequileno Family Mexican Restaurant,877b84eb-f491-4253-9bd3-c9843465875c,name,,name,no
acct_1NdHYaA6pdIle9dv,Wavershaksdeli,,wavershaks@gmail.com,true,true,2023-08-09,WAVERSHAKSDELI.COM,wavershaksdeli.com,+17328299088,Wavershak's Deli and Grill,3cfb7dbf-af5b-4d0c-ad25-fe2116ac8725,business url,,business url,no
acct_1NXTG5Kg1Avh2SIl,rangoon.nyc,Rangoon Restaurant Concepts LLC,rangoon500@gmail.com,true,true,2023-07-24,RANGOON,https://www.rangoon.nyc,+19174420100,NYC Catering Company LLC,92218093-9648-4d63-babd-82cb90612065,name,,name,no
acct_1NYBoMHnAKzvFDjG,Family Meal Maiz,,martha@maizportland.com,true,true,,MAIZ COLOMBIAN ST FOOD,https://www.maizportland.com/,+12072666379,Maíz Catering,bf8ad038-1a3f-4075-8fcc-35e40e587b0c,address (zip only),,address (zip only),no
acct_1O2KS1DoGHNSBSsy,bunnychow.co,Bunny Chow - South African Food,info@bunnychow.co,true,true,2023-10-17,WWW.BUNNYCHOW.CO,www.bunnychow.co,+18552762533,Bunny Chow - South African Food - Miramar Shebeen,84fd2401-8f00-41e6-afe5-01080a830c65,name,,name,no
acct_1O7c5ZBT6j7Kbbtq,Thexpot,Jerry Ngo,jerry@chubbygroup.com,true,true,2023-11-01,THEXPOT.COM,TheXPot.com,+17025249232,The X Pot,270a367a-abeb-4032-9583-506085bc1d49,business url,,business url,no
acct_1O7ggBL3h8niFWfC,Buongustowayne,23 pizza wayne inc,waseemhabib_89@yahoo.com,true,true,2023-11-01,WWW.BUONGUSTOWAYNE.COM,www.buongustowayne.com,+19732567777,Happy's Pizza - Wayne,d0c2f78d-cb59-4fd0-aa7a-28a5a9b82ce1,company name,,company name,no
acct_1OAjVqEhdBrISgMk,bunnychow.co,Bunny Chow - South African Food,info@bunnychow.co,true,true,2023-11-10,WWW.BUNNYCHOW.CO,www.bunnychow.co,+18552762533,Bunny Chow - South African Food - Miramar Shebeen,84fd2401-8f00-41e6-afe5-01080a830c65,name,,name,no
acct_1OINWcG2R4l9A8Rs,Platesfromparistogo,Paris Raymond,platesfromparis@gmail.com,true,true,2023-12-01,PLATESFROMPARIS,platesfromparistogo.com,+12154102823,Platesfromparis ,8a4873c9-59c8-4dfe-978e-17201166cc1b,name,,name,no
acct_1Oj8eyKje7IL1gzx,Hitthespotcateringcafe,Clyde  Wright,hitthespotcatering18@gmail.com,true,true,2024-02-13,HITTHESPOTCATERINGCAFE,hitthespotcateringcafe.com,+16789730164,Hit the spot catering cafe ,6029839c-c698-436a-a6aa-cd47286e086a,business url,,business url,no
acct_1OjbUqFFCwuGCvQq,Mygoodpie,Yasmin Abdul-Malik,mgoodpie@gmail.com,true,true,2024-02-14,MYGOODPIE.COM,WWW.MYGOODPIE.COM,+14085477190,MaLi Thai Kitchen,f5305c2c-1832-47ce-8dcd-ec372950b726,name,,name,no
acct_1Ojrt1K0UfgQ0hc3,Myperiperi,The Port of Peri Peri,pronto@myperiperi.com,true,true,2024-02-14,PERIFECTION,www.myperiperi.com,+12247887374,The Port of Peri Peri,47066d22-d331-429a-9de8-8250ea4b6ab0,address (city),,address (city),no
acct_1OoaULAbuhTfFkro,Summer Salt 23rd St,Summer Salt,danny@summersaltnyc.com,true,true,2024-02-27,SUMMER SALT - 23RD ST,SUMMERSALTNYC.COM,+12122090648,Summer Salt - Midtown,52164999-dd5b-4e01-a07e-62b655655be2,name,,name,no
acct_1OT4oJGx9LDU8BN6,Pizzatiusa,Pizzati LLC,pizzati.dallas@gmail.com,true,true,,PIZZATI,https://pizzatiusa.com/,+19728638603,Pizzati,8e43dc9b-97ce-4c4b-9a6e-6655e2f1df28,name,,name,no
acct_1OZbFgCPjoEhz67V,Mintbeirutmiami,Mint Beirut ,mintbeirut@gmail.com,true,true,2024-01-17,MINT BEIRUT,www.mintbeirutmiami.com,+13054438664,AJ's Deli,5039f3ea-72a0-4b64-8e7f-a3d6da960523,company name,,company name,no
acct_1PAyp4HGCnfPhENR,Restaurant_Resy,BARRILA'S PASTARIA RISTORANTE,barrilaculinaryconcepts@gmail.com,true,true,2024-04-29,INSATIABLE EATS,www.insatiableeats.com,+16313773353,Miss Pasta,165d5eb0-85f7-4931-8697-f8cad1c10dfc,name,,name,no
acct_1PC63kC0TDJ1d46M,Chook,"Chook on Pearl, LLC",elizabeth@chookchicken.com,true,true,2024-05-02,CHOOK,www.chookchicken.com,+13032828399,Chook - Platt Park,e79ccfc1-e3c2-4d85-ab9f-98e7eff92301,address (zip only),,address (zip only),no
acct_1PdfSuIvYUj9yXMr,Haroon Alruby,Haroon Alruby,haroontaher10@gmail.com,true,true,2024-07-17,HAROON ALRUBY,www.crispynewyork.com,+16467073010,Crispy New York,080395f9-0813-4454-860f-c7cd37872bba,business url,,business url,no
acct_1PK3tfAOOonI5pQq,Wattle Cafe,Licensing 351 Inc,wattlenyc@gmail.com,true,true,2024-05-24,WATTLE CAFE,https://www.wattlecafe.com/,+12015201007,Short Grain,4e2f043b-b3b6-48b6-91d8-400a9d0234b7,address (zip only),,address (zip only),no
acct_1PSjMlFSTckTeKHy,Desiree Bagnell,Desiree Bagnell,desi.bagnell@gmail.com,true,true,2024-06-17,IAMTHEGRATEFULGOURMET.,www.iamthegratefulgourmet.com,+18564120897,Desi District,326d91f7-94a9-4c47-b40b-9a5f4da4e262,name,,name,no
acct_1QRyEsJg42dKhfRd,Maiz LLC,MAIZ LLC,maiz.portland@gmail.com,true,true,2024-12-03,MAIZ LLC,www.maizportland.com,+12074002881,Maíz Catering,bf8ad038-1a3f-4075-8fcc-35e40e587b0c,address (zip only),,address (zip only),no
acct_1QS168033vOV8V6O,Maiz LLC,MAIZ LLC,maiz.portland@gmail.com,true,true,2024-12-03,MAIZ LLC,www.maizportland.com,+12074002881,Maíz Catering,bf8ad038-1a3f-4075-8fcc-35e40e587b0c,address (zip only),,address (zip only),no
acct_1QSNvpFGuNusNr2X,Crazyburger,,crazyburger42@gmail.com,true,true,2024-12-04,CRAZYBURGER.COM,crazyburger.com,+14019963731,Crazy Burger Cafe and Juice Bar,8da4266c-266f-456c-a293-317ea1a75181,business url,,business url,no
acct_1Rgd5XRvqtL04qpK,Genghis Grill - Arlington,FamilyMeal Concepts Inc,peter@familymeal.com,true,true,2025-07-03,FAMILYMEAL GENGHIS,www.familymeal.com,+18174657847,BurgerFi - Arlington,95339b04-6f1d-4c7a-ac35-4955a9dfd5c3,address (city),,address (city),acct_1SmgcVFj9UE7iGf6
acct_1RgkEIFdXNYg7x0l,Genghis Grill - Bixby,FamilyMeal Concepts Inc,peter@familymeal.com,true,true,2025-07-03,FAMILYMEAL GENGHIS,www.familymeal.com,+19183580050,ZK Grill,a71649f2-15d6-4b9d-bfbd-b3c8690c7bd4,name,,name,no
acct_1RgktBHSQ0ZC9TWt,Genghis Grill - Bryant Irvin,Peter Venti,peter@familymeal.com,true,true,2025-07-03,FAMILYMEAL GENGHIS,www.familymeal.com,+18177375800,WaBa Grill,42c7bc24-28dc-481d-8a54-4eb8d5ab6e73,address (city),,address (city),no
acct_1Rgl8KRsKmx66mI1,Genghis Grill - Lake Worth,Peter Venti,peter@familymeal.com,true,true,2025-07-03,GENGHIS FAMILYMEAL,www.familymeal.com,+18172372680,WaBa Grill,42c7bc24-28dc-481d-8a54-4eb8d5ab6e73,address (city),,address (city),no
acct_1Rglc5COZUcUg8CZ,Genghis Grill - Grand Prairie,Peter Venti,peter@familymeal.com,true,true,2025-07-03,GENGHIS,www.familymeal.com,+19724004768,ZK Grill,a71649f2-15d6-4b9d-bfbd-b3c8690c7bd4,name,,name,no
acct_1RglUkJfwaBJzbhC,Genghis Grill - Frisco,Peter Venti,peter@familymeal.com,true,true,2025-07-03,FAMILYMEAL GENGHIS,www.familymeal.com,+19726685426,ZK Grill,a71649f2-15d6-4b9d-bfbd-b3c8690c7bd4,name,,name,no
acct_1RglxCRvWmXR5hM5,Ghengis Grill - McKinney,Genghis Grill - McKinney,peter@familymeal.com,true,true,2025-07-03,FAMILYMEAL GHENGIS,www.familymeal.com,+12145854745,ZK Grill,a71649f2-15d6-4b9d-bfbd-b3c8690c7bd4,name,,name,no
acct_1RgmfqF1XIltVX7t,Ghengis Grill - Rockwall,Genghis Grill - Rockwall,peter@familymeal.com,true,true,2025-07-03,FAMILYMEAL GENGHIS,www.familymeal.com,+19727715426,Lucky Cat Poke Company Rockwall,ba21712b-fc03-49cf-8ee0-952bda0e6113,address (city),,address (city),no
acct_1RgmGGFjyyuKuzKy,Ghengis Grill - Mesquite,Genghis Grill - Mesquite,peter@familymeal.com,true,true,2025-07-03,FAMILYMEAL GHENGIS,www.familymeal.com,+19722705426,ZK Grill,a71649f2-15d6-4b9d-bfbd-b3c8690c7bd4,name,,name,no
acct_1RgmMfFjDhqGkk17,Ghengis Grill - Moore,Genghis Grill - Moore,peter@familymeal.com,true,true,2025-07-03,FAMILYMEAL GENGHIS,www.familymeal.com,+14057932695,ZK Grill,a71649f2-15d6-4b9d-bfbd-b3c8690c7bd4,name,,name,no
acct_1Rgmn1Rr6RKn1kY2,Ghengis Grill - Short Pump,Genghis Grill - Henrico,peter@familymeal.com,true,true,2025-07-08,FAMILYMEAL GENGHIS,www.familymeal.com,+18043604206,ZK Grill,a71649f2-15d6-4b9d-bfbd-b3c8690c7bd4,name,,name,no
acct_1RgS2j2NukMve6dA,Mileenddeli,MEV Hoyt Street LLC,catering@mileenddeli.com,true,true,2025-07-02,MEV HOYT STREET LLC,www.mileenddeli.com,+17188527510,Winfield Street Coffee - New York City,6ce3636c-0b33-40fb-bba9-d05c382d4511,address (city),,address (city),acct_1OuggbAgYIhWkfHV
acct_1RgtOyRxYRlB7w54,Wing it On - West Orange,FamilyMeal Concepts Inc,peter@familymeal.com,true,true,2025-07-08,WING IT ON,www.familymeal.com,+12016503205,Wing It,02853436-b28a-4528-a56a-90af8ad4e954,name,,name,no
acct_1SmgpSR8dSXH6ttw,BurgerFi,Falls Church BFI LLC,punamkhandpur@yahoo.com,true,true,2026-01-06,BURGERFI,www.BurgerFi.com,+17036569655,BurgerFi - Falls Church,ca123d68-c04e-4edd-bc11-8d15f2fa45c1,address (city),,address (city),no
acct_1SwlYo0ShU9J6hnk,Happy’s Pizza,MTA 129 INC,shamobrandon@yahoo.com,true,true,2026-02-03,MTA129,www.happyspizza.com,+18102380000,Happy's Pizza - Wayne,d0c2f78d-cb59-4fd0-aa7a-28a5a9b82ce1,name,,name,no
acct_1T4mzPAtFUVKCNBd,Melt Shop LLC,Melt Shop LLC,souley.valian@aurifybrands.com,true,true,2026-02-25,MELT SHOP LLC,https://www.meltshop.com,+13474686061,Melt Shop - Midtown West,0256284e-4146-4e64-a857-35e173ca7e58,name,,name,no
acct_1T4ScRHZZz6mWkf7,Melt Shop LLC,Melt Shop LLC,souley.valian@aurifybrands.com,true,true,2026-02-24,MELT SHOP LLC,https://www.meltshop.com,+13474686061,Melt Shop - Midtown West,0256284e-4146-4e64-a857-35e173ca7e58,name,,name,no
acct_1T4TXpJwOfToyq8B,Melt Shop LLC,Melt Shop LLC,souley.valian@aurifybrands.com,true,true,2026-02-25,MELT SHOP LLC,https://www.meltshop.com,+13474686061,Melt Shop - Midtown West,0256284e-4146-4e64-a857-35e173ca7e58,name,,name,no
acct_1TdYe8H3MqauEPnB,73 Greenwich AB LLC,Apollo Bagels,cassidy@apollobagels.com,true,true,2026-06-01,APOLLO BAGELS,https://apollobagels.com/,+18442183081,Apollo Bagels - West Village,864671d9-7ac5-4f2c-81fa-6e8726854107,already attached in Disco,,,acct_1TdYe8H3MqauEPnB
acct_1TdYrpKQzUcEyWEm,41 John AB LLC,41 John AB LLC,cassidy@apollobagels.com,true,true,,APOLLO BAGELS,https://apollobagels.com/,+18442183081,Apollo Bagels - FiDi,f4112807-6681-44db-b1d4-9b21b0e99fed,already attached in Disco,,,acct_1TdYrpKQzUcEyWEm
acct_1ThHQB2XucxS9g7Z,Eggbred,San Pablo Eggbred Inc,eggbredsanpablo@gmail.com,true,true,2026-06-11,EGGBRED,https://eggbred.com/,+15104722347,EggBred - San Pablo,0ef4355d-24a2-48e1-a24c-e2cf9829d861,already attached in Disco,,,acct_1ThHQB2XucxS9g7Z
acct_1TpA574BXg0euRk5,FamilyMeal Test Kitchen,FamilyMeal Concepts Inc,peter@familymeal.com,true,true,2026-07-03,FAMILYMEAL,www.familymeal.com,+17322397055,Test 35,5629470d-15ec-4039-8562-461211856b6a,already attached in Disco,,,acct_1TpA574BXg0euRk5
acct_1TpogO3Et7s8gYsL,Eatpancho,Pancho,peter@familymeal.com,true,true,2026-07-05,WWW.EATPANCHO.COM,https://www.eatpancho.com,+17322688117,Test 36,bc6587fa-c56f-4820-9176-317ff93635b9,already attached in Disco,,,acct_1TpogO3Et7s8gYsL
acct_1TqkQoBdEVwh2uSq,Briscola Trattoria,Regine Restaurants,briscolabrooklyn@gmail.com,true,true,2026-07-08,BRISCOLA TRATTORIA,www.briscolabrooklyn.com,+19178598320,Briscola Trattoria,4a42508b-db50-461c-8548-67cff23f8039,already attached in Disco,,,acct_1TqkQoBdEVwh2uSq
acct_1TrPAKQQYJdA1VLJ,Namkeen,ANAAD KITCHEN INC,harjotsinghny@gmail.com,true,true,2026-07-09,NAMKEEN STONYBROOK,https://www.eatnamkeen.com/,+16316750428,Namkeen -  Stony Brook,b2bb4b36-8a6a-41ec-9072-d1668bb1e267,already attached in Disco,,,acct_1TrPAKQQYJdA1VLJ
acct_1TvLMh7MOjigvFNg,Al Volo LLC,Al Volo Pier 57 LLC,info@alvolonyc.com,true,true,2026-07-20,AL VOLO PIER 57 LLC,https://alvolonyc.com,+13474754903,Al Volo Gastronomia Italiana,80ed44ce-96c4-4d36-97a2-ca29f37b5179,address (city),,address (city),no
acct_1U1nzL42szqGfsDO,Aztecdaves,Aztec Dave's Cantina ,info@aztecdaves.com,true,true,2026-08-07,WWW.AZTECDAVES.COM,https://www.aztecdaves.com/,+17087177522,Aztec Dave's Cantina,9aba6900-eb01-4e8d-aab9-5a853fc06a88,already attached in Disco,,,acct_1U1nzL42szqGfsDO
acct_1U5nbO3WZv4qhog5,Anju singh,Anju singh,arnav.anju@gmail.com,true,true,2026-08-18,ANJU SINGH,atlantabread.com,+16787930926,Atlanta Bread - Alpharetta,0532387f-e504-4d8e-8a21-217de5d39057,already attached in Disco,,,acct_1U5nbO3WZv4qhog5
acct_1U97Of3pZp4Fk9BM,Sprwt (1),Nicolle Walker Personal Chef LLC,chefnicolle@loveandplates.com,true,true,2026-08-27,NICOLLE WALKER PERSONA,www.loveandplates.com,8625960644,Love & Plates,e5708583-bcf0-4f22-b7a3-38c7bf754fc0,already attached in Disco,,,acct_1U97Of3pZp4Fk9BM
acct_1U9X6C3DufYy16In,Namkeen,Namkeen North Brunswick LLC,nabeel.shamim@gmail.com,true,true,2026-08-28,NAMKEEN NORTH BRUNS,http://www.eatnamkeen.com,+18486686858,Namkeen - North Brunswick,4e280597-e6f9-4aff-81f0-06f4847d1cd0,already attached in Disco,,,acct_1U9X6C3DufYy16In
acct_1UBo0V3xKXB8Bqu2,Crimsoncoward Plano,CRIMSON COWARD TX,frisco@crimsoncoward.com,true,true,2026-09-04,CRIMSON COWARD,www.crimsoncoward.com,+12144078323,Crimson Coward - Frisco,8e1adca0-8cdf-41a7-a9e8-80b4866566d1,already attached in Disco,,,acct_1UBo0V3xKXB8Bqu2
acct_1UDdyJ4CaF92wiYc,Blasteranbh,"Destomil, LLC",norma@blasteranbh.com,true,true,2026-09-09,BLASTERAN,www.blasteranbh.com,+13107016593,Blasteran,353bd8de-7371-4120-a116-d75607e934a8,already attached in Disco,,,acct_1UDdyJ4CaF92wiYc
acct_1Cy4h7H19koImp67,Tin Pan Bakery,Richer Treats Inc.,elisericher70@gmail.com,false,false,,TIN PAN BAKERY,tinpanbakery.com,+12073104405,Sassy's Cafe & Bakery,0f804b16-984d-4d71-88c8-39cecd0c5723,name,,name,no
acct_1IpfCpAAmxVTC86E,Chefcollinsevents,,chefcollinsevents@gmail.com,false,false,,CHEFCOLLINSEVENTS,www.chefcollinsevents.com,+17322391218,Chef Chen,7078c3a7-7afb-4aeb-b3f4-87a95c0920a5,name,,name,no
acct_1J7Qj3F0AvsfsHmS,Firetowerstratton,,petermicioni@gmail.com,false,false,2021-06-28,RESTAURANT,http://www.firetowerstratton.com/,+17325333730,Fire Island Grill - Simi Valley,07faf5d8-c01e-49c5-9c51-929597dba15b,name,,name,no
acct_1NpFIpHUNUZHRvya,Mealbux,Mealbux ,cellex360@gmail.com,false,false,2023-09-11,WWW.MEALBUX.COM,www.mealbux.com,+17372479696,Starvin' Arvin's Meal Prep,c6a82abd-af77-4932-a3eb-c6446fb96f04,name,,name,no
acct_1OpazvDXkGqYWPif,,,rnethercut@ztejas.com,false,false,2024-03-01,,,,Z'Tejas,6f4ebc36-6c82-4ee0-8c43-f5752772174b,business url,,business url,no
acct_1Q1CKHATDZSieU1A,Beanzee Enterprises,Beanzee Enterprises,bdonatti@winfieldcoffee.com,false,false,2024-09-20,WINFIELDCOFFEE.COM,www.winfieldcoffee.com,+12033437948,Winfield Street Coffee - Naples North,b6365e09-3a30-4221-a724-e05876b70593,address (zip only),,address (zip only),no
acct_1TnhAsQKRpn3GekC,Test 26,,peter@familymeal.com,false,false,2026-06-29,TEST 26,,,Test 26,e12bf624-e856-4d7d-ad05-e4bb324f5e6b,already attached in Disco,,,acct_1TnhAsQKRpn3GekC
acct_1TpI3wKXouYhNSiI,Lee's Chinese Food,,ltmproviders@gmail.com,false,false,2026-07-04,LEES CHINESE FOOD,,,Lee's Chinese Food,21c5dbc0-19aa-466e-886d-b3d20a0f13b1,already attached in Disco,,,acct_1TpI3wKXouYhNSiI
acct_1TsnQ73m7IaADyEC,Test 30,,chef+30@gmail.com,false,false,2026-07-13,TEST 30,,,Test 30,b608797f-2431-4c40-82a9-aaeeabb041b0,already attached in Disco,,,acct_1TsnQ73m7IaADyEC
acct_1UBhP8KX8qOOyH9E,Rendang Republic,,hello@rendangrepublic.com,false,false,2026-09-03,RENDANG REPUBLIC,,,Rendang Republic,77a9e6c0-3672-4f35-8c51-75141c3dd698,already attached in Disco,,,acct_1UBhP8KX8qOOyH9E
acct_16Ws8aA0gm4Qaml7,Cafecarmo,Carmo,dana@cafecarmo.com,true,false,,CARMO,www.cafecarmo.com,+15048754132,,,none,,,
acct_1IMdV4Ftb8DH3mH6,Loschamacosarl,Inc.,loschamacos922@gmail.com,true,true,,LOSCHAMACOSARL.COM,loschamacosarl.com,+12024215529,,,none,,,
acct_1P2K6uG1nkgyIUOy,Sfcateringatl,Sean Wilkins,sfcateringatl@gmail.com,true,true,2024-04-05,SFCATERINGATL.COM,www.sfcateringatl.com,+16787774438,,,none,,,
acct_1P31yeISLgR60G2S,Instagram,Ronimo Enterprises,nmorris@ronimo-enterprises.com,true,true,2024-04-07,LUCY PEARLS BAKERY,https://www.instagram.com/lucypearlssweets?igsh=MWdldTVnYjdnZWpocA%3D%3D&utm_source=qr,+13463672900,,,none,,,
acct_1ShcUE3bvhLOSUhD,Hedzole,Russell and Keswick LLC,hello@hedzole.com,true,true,2025-12-23,HEDZOLE,hedzole.com,+12023707985,,,none,,,
acct_1EnxFQKDeqmMX6ax,Famsfav,,famsfavicecream@gmail.com,false,false,,FAMSFAV.COM,famsfav.com,+16786132776,,,none,,,
acct_1Luj16HtFK9VJHiC,Facebook,,stevesitalianmeals@yahoo.com,false,false,2022-10-19,STEVES MEALS,https://www.facebook.com/StevesPoundCakes,+17329295636,,,none,,,
acct_1OtX8xJlz9UWDkpo,,,lolajade287@gmail.com,false,false,2024-03-12,,,,,,none,,,
acct_1PO5F0D4acuwYzlq,,,mgmt@smogenappetizers.com,false,false,2024-06-04,,,,,,none,,,
acct_1QKh0oHOYBZi02s1,Baldy's Restaurant Group,Baldy's Restaurant Group,sharon.chang@fattycorp.com,false,false,2024-11-13,LITTLEFATTYLA.COM,littlefattyla.com,,,,none,,,
acct_1T4RAj3FsxxfOEuh,,,kevin@familymeal.com,false,false,2026-02-24,,,,,,none,,,
